Skater,Country,Year,Segment,Element_ID,Element_Name,Base_Value,GOE,Element_Score,Is_Jump,Is_Quad,Underrotated,Fall,Medal
Hanyu Yuzuru,JPN,2014,FS,1,4S,10.5,-3,7.5,TRUE,TRUE,FALSE,TRUE,Gold
Hanyu Yuzuru,JPN,2014,FS,2,4T,10.3,2.14,12.44,TRUE,TRUE,FALSE,FALSE,Gold
Hanyu Yuzuru,JPN,2014,FS,3,3F,5.3,-1.9,3.4,TRUE,FALSE,FALSE,TRUE,Gold
Hanyu Yuzuru,JPN,2014,FS,4,StSq3,3.3,1,4.3,FALSE,FALSE,FALSE,FALSE,Gold
Hanyu Yuzuru,JPN,2014,FS,5,FCCoSp4,3.5,1,4.5,FALSE,FALSE,FALSE,FALSE,Gold
Hanyu Yuzuru,JPN,2014,FS,6,3A+3T,13.86,2.43,16.29,TRUE,FALSE,FALSE,FALSE,Gold
Hanyu Yuzuru,JPN,2014,FS,7,3A+2T,10.78,0.29,11.07,TRUE,FALSE,FALSE,FALSE,Gold
Hanyu Yuzuru,JPN,2014,FS,8,3Lo,5.61,0.3,5.91,TRUE,FALSE,FALSE,FALSE,Gold
Hanyu Yuzuru,JPN,2014,FS,9,3Lz+1Lo+SEQ,5.72,-0.3,5.42,TRUE,FALSE,FALSE,FALSE,Gold
Hanyu Yuzuru,JPN,2014,FS,10,3Lz,6.6,1.2,7.8,TRUE,FALSE,FALSE,FALSE,Gold
Hanyu Yuzuru,JPN,2014,FS,11,ChSq1,2,1.6,3.6,FALSE,FALSE,FALSE,FALSE,Gold
Hanyu Yuzuru,JPN,2014,FS,12,FCSSp4,3,0.79,3.79,FALSE,FALSE,FALSE,FALSE,Gold
Hanyu Yuzuru,JPN,2014,FS,13,CCoSp3,3,0.64,3.64,FALSE,FALSE,FALSE,FALSE,Gold
Chan Patrick,CAN,2014,FS,1,4T+3T,14.4,3,17.4,TRUE,TRUE,FALSE,FALSE,Silver
Chan Patrick,CAN,2014,FS,2,4T,10.3,-1.57,8.73,TRUE,TRUE,FALSE,FALSE,Silver
Chan Patrick,CAN,2014,FS,3,3A,8.5,-2.57,5.93,TRUE,FALSE,FALSE,FALSE,Silver
Chan Patrick,CAN,2014,FS,4,StSq4,3.9,2,5.9,FALSE,FALSE,FALSE,FALSE,Silver
Chan Patrick,CAN,2014,FS,5,FSSp4,3,1,4,FALSE,FALSE,FALSE,FALSE,Silver
Chan Patrick,CAN,2014,FS,6,3Lz+1Lo+2S,8.58,0.5,9.08,TRUE,FALSE,FALSE,FALSE,Silver
Chan Patrick,CAN,2014,FS,7,3Lz,6.6,1.2,7.8,TRUE,FALSE,FALSE,FALSE,Silver
Chan Patrick,CAN,2014,FS,8,3Lo,5.61,0,5.61,TRUE,FALSE,FALSE,FALSE,Silver
Chan Patrick,CAN,2014,FS,9,3F+2T,7.26,0.6,7.86,TRUE,FALSE,FALSE,FALSE,Silver
Chan Patrick,CAN,2014,FS,10,CCSp3,2.8,0.86,3.66,FALSE,FALSE,FALSE,FALSE,Silver
Chan Patrick,CAN,2014,FS,11,2A,3.63,-1,2.63,TRUE,FALSE,FALSE,FALSE,Silver
Chan Patrick,CAN,2014,FS,12,ChSq1,2,1.8,3.8,FALSE,FALSE,FALSE,FALSE,Silver
Chan Patrick,CAN,2014,FS,13,CCoSp3,3,0,3,FALSE,FALSE,FALSE,FALSE,Silver
Ten Denis,KAZ,2014,FS,1,4T,10.3,0,10.3,TRUE,TRUE,FALSE,FALSE,Bronze
Ten Denis,KAZ,2014,FS,2,3A+3T,12.6,1.86,14.46,TRUE,FALSE,FALSE,FALSE,Bronze
Ten Denis,KAZ,2014,FS,3,3A,8.5,1.29,9.79,TRUE,FALSE,FALSE,FALSE,Bronze
Ten Denis,KAZ,2014,FS,4,StSq4,3.9,1.3,5.2,FALSE,FALSE,FALSE,FALSE,Bronze
Ten Denis,KAZ,2014,FS,5,CCSp4,3.2,0.64,3.84,FALSE,FALSE,FALSE,FALSE,Bronze
Ten Denis,KAZ,2014,FS,6,3F+1Lo+3S,11,1.2,12.2,TRUE,FALSE,FALSE,FALSE,Bronze
Ten Denis,KAZ,2014,FS,7,3Lz+2T,8.03,0.8,8.83,TRUE,FALSE,FALSE,FALSE,Bronze
Ten Denis,KAZ,2014,FS,8,3Lo,5.61,1,6.61,TRUE,FALSE,FALSE,FALSE,Bronze
Ten Denis,KAZ,2014,FS,9,3F,5.83,-0.7,5.13,TRUE,FALSE,FALSE,FALSE,Bronze
Ten Denis,KAZ,2014,FS,10,2A,3.63,-0.93,2.7,TRUE,FALSE,FALSE,FALSE,Bronze
Ten Denis,KAZ,2014,FS,11,FSSp4,3,0.14,3.14,FALSE,FALSE,FALSE,FALSE,Bronze
Ten Denis,KAZ,2014,FS,12,ChSq1,2,1.2,3.2,FALSE,FALSE,FALSE,FALSE,Bronze
Ten Denis,KAZ,2014,FS,13,CCoSp3,3,0.5,3.5,FALSE,FALSE,FALSE,FALSE,Bronze
Machida Tatsuki,JPN,2014,FS,1,4T,10.3,-3,7.3,TRUE,TRUE,TRUE,TRUE,NaN
Machida Tatsuki,JPN,2014,FS,2,4T+2T,11.6,0.29,11.89,TRUE,TRUE,FALSE,FALSE,NaN
Machida Tatsuki,JPN,2014,FS,3,3A+3T,12.6,0.86,13.46,TRUE,FALSE,FALSE,FALSE,NaN
Machida Tatsuki,JPN,2014,FS,4,FSSp4,3,0.71,3.71,FALSE,FALSE,FALSE,FALSE,NaN
Machida Tatsuki,JPN,2014,FS,5,StSq3,3.3,1,4.3,FALSE,FALSE,FALSE,FALSE,NaN
Machida Tatsuki,JPN,2014,FS,6,3A,9.35,0.43,9.78,TRUE,FALSE,FALSE,FALSE,NaN
Machida Tatsuki,JPN,2014,FS,7,CCSp2,2.3,0.71,3.01,FALSE,FALSE,FALSE,FALSE,NaN
Machida Tatsuki,JPN,2014,FS,8,3Lo,5.61,0.5,6.11,TRUE,FALSE,FALSE,FALSE,NaN
Machida Tatsuki,JPN,2014,FS,9,3Lz,6.6,0,6.6,TRUE,FALSE,FALSE,FALSE,NaN
Machida Tatsuki,JPN,2014,FS,10,3F+2T+2Lo,9.24,0.6,9.84,TRUE,FALSE,FALSE,FALSE,NaN
Machida Tatsuki,JPN,2014,FS,11,3S,4.62,0.8,5.42,TRUE,FALSE,FALSE,FALSE,NaN
Machida Tatsuki,JPN,2014,FS,12,ChSq1,2,0.8,2.8,FALSE,FALSE,FALSE,FALSE,NaN
Machida Tatsuki,JPN,2014,FS,13,CCoSp4,3.5,0.5,4,FALSE,FALSE,FALSE,FALSE,NaN
Fernandez Javier,ESP,2014,FS,1,4T,10.3,2.14,12.44,TRUE,TRUE,FALSE,FALSE,NaN
Fernandez Javier,ESP,2014,FS,2,4S+2T,11.8,2.29,14.09,TRUE,TRUE,FALSE,FALSE,NaN
Fernandez Javier,ESP,2014,FS,3,3A,8.5,-0.71,7.79,TRUE,FALSE,FALSE,FALSE,NaN
Fernandez Javier,ESP,2014,FS,4,CSSp4,3,0.86,3.86,FALSE,FALSE,FALSE,FALSE,NaN
Fernandez Javier,ESP,2014,FS,5,StSq3,3.3,1,4.3,FALSE,FALSE,FALSE,FALSE,NaN
Fernandez Javier,ESP,2014,FS,6,3S,4.62,1.2,5.82,TRUE,FALSE,FALSE,FALSE,NaN
Fernandez Javier,ESP,2014,FS,7,2Lz+2T,3.74,0,3.74,TRUE,FALSE,TRUE,TRUE,NaN
Fernandez Javier,ESP,2014,FS,8,3Lo,5.61,0.8,6.41,TRUE,FALSE,FALSE,FALSE,NaN
Fernandez Javier,ESP,2014,FS,9,3F+1Lo+2S,7.81,0.4,8.21,TRUE,FALSE,FALSE,FALSE,NaN
Fernandez Javier,ESP,2014,FS,10,FCCoSp4,3.5,0.14,3.64,FALSE,FALSE,FALSE,FALSE,NaN
Fernandez Javier,ESP,2014,FS,11,ChSq1,2,1.5,3.5,FALSE,FALSE,FALSE,FALSE,NaN
Fernandez Javier,ESP,2014,FS,12,3S+SEQ,0,0,0,TRUE,FALSE,TRUE,TRUE,NaN
Fernandez Javier,ESP,2014,FS,13,CCoSp4,3.5,0.5,4,FALSE,FALSE,FALSE,FALSE,NaN
Takahashi Daisuke,JPN,2014,FS,1,4T,4.1,-2,2.1,TRUE,TRUE,TRUE,FALSE,NaN
Takahashi Daisuke,JPN,2014,FS,2,3Lz,6,1.3,7.3,TRUE,FALSE,FALSE,FALSE,NaN
Takahashi Daisuke,JPN,2014,FS,3,3A,8.5,2.14,10.64,TRUE,FALSE,FALSE,FALSE,NaN
Takahashi Daisuke,JPN,2014,FS,4,StSq4,3.9,2,5.9,FALSE,FALSE,FALSE,FALSE,NaN
Takahashi Daisuke,JPN,2014,FS,5,FCCoSp3,3,0.57,3.57,FALSE,FALSE,FALSE,FALSE,NaN
Takahashi Daisuke,JPN,2014,FS,6,3A+SEQ,5.28,-3,2.28,TRUE,FALSE,TRUE,TRUE,NaN
Takahashi Daisuke,JPN,2014,FS,7,3Lz+3T,11.11,0.6,11.71,TRUE,FALSE,FALSE,FALSE,NaN
Takahashi Daisuke,JPN,2014,FS,8,3Lo,5.61,0.8,6.41,TRUE,FALSE,FALSE,FALSE,NaN
Takahashi Daisuke,JPN,2014,FS,9,3F,5.83,1.1,6.93,TRUE,FALSE,FALSE,FALSE,NaN
Takahashi Daisuke,JPN,2014,FS,10,3S,4.62,0,4.62,TRUE,FALSE,FALSE,FALSE,NaN
Takahashi Daisuke,JPN,2014,FS,11,CCoSp4,3.5,1,4.5,FALSE,FALSE,FALSE,FALSE,NaN
Takahashi Daisuke,JPN,2014,FS,12,ChSq1,2,1.7,3.7,FALSE,FALSE,FALSE,FALSE,NaN
Takahashi Daisuke,JPN,2014,FS,13,CLSp3,2.9,0.71,3.61,FALSE,FALSE,FALSE,FALSE,NaN
Yan Han,CHN,2014,FS,1,3A,8.5,2.57,11.07,TRUE,FALSE,FALSE,FALSE,NaN
Yan Han,CHN,2014,FS,2,4T+3T,14.4,1.71,16.11,TRUE,TRUE,FALSE,FALSE,NaN
Yan Han,CHN,2014,FS,3,3F+2T,6.6,0.5,7.1,TRUE,FALSE,FALSE,FALSE,NaN
Yan Han,CHN,2014,FS,4,StSq3,3.3,0.57,3.87,FALSE,FALSE,FALSE,FALSE,NaN
Yan Han,CHN,2014,FS,5,FCSp4,3.2,0.14,3.34,FALSE,FALSE,FALSE,FALSE,NaN
Yan Han,CHN,2014,FS,6,1Lo,0.55,0,0.55,TRUE,FALSE,TRUE,TRUE,NaN
Yan Han,CHN,2014,FS,7,3Lz+2T+2Lo,10.01,0.9,10.91,TRUE,FALSE,FALSE,FALSE,NaN
Yan Han,CHN,2014,FS,8,3F,5.83,0.7,6.53,TRUE,FALSE,FALSE,FALSE,NaN
Yan Han,CHN,2014,FS,9,CCoSp4,3.5,0.29,3.79,FALSE,FALSE,FALSE,FALSE,NaN
Yan Han,CHN,2014,FS,10,3Lz,6.6,-0.7,5.9,TRUE,FALSE,FALSE,FALSE,NaN
Yan Han,CHN,2014,FS,11,3S,4.62,0.9,5.52,TRUE,FALSE,FALSE,FALSE,NaN
Yan Han,CHN,2014,FS,12,ChSq1,2,0.6,2.6,FALSE,FALSE,FALSE,FALSE,NaN
Yan Han,CHN,2014,FS,13,CSSp3,2.6,0.71,3.31,FALSE,FALSE,FALSE,FALSE,NaN
Abbott Jeremy,USA,2014,FS,1,3T,4.1,0.9,5,TRUE,FALSE,FALSE,FALSE,NaN
Abbott Jeremy,USA,2014,FS,2,3A+3T,12.6,0.71,13.31,TRUE,FALSE,FALSE,FALSE,NaN
Abbott Jeremy,USA,2014,FS,3,CSSp4,3,0.57,3.57,FALSE,FALSE,FALSE,FALSE,NaN
Abbott Jeremy,USA,2014,FS,4,3F+2T,6.6,0.7,7.3,TRUE,FALSE,FALSE,FALSE,NaN
Abbott Jeremy,USA,2014,FS,5,StSq3,3.3,1,4.3,FALSE,FALSE,FALSE,FALSE,NaN
Abbott Jeremy,USA,2014,FS,6,2A,3.3,0.71,4.01,TRUE,TRUE,FALSE,FALSE,NaN
Abbott Jeremy,USA,2014,FS,7,3A,9.35,1.29,10.64,TRUE,TRUE,FALSE,FALSE,NaN
Abbott Jeremy,USA,2014,FS,8,3S,4.62,0.8,5.42,TRUE,FALSE,FALSE,FALSE,NaN
Abbott Jeremy,USA,2014,FS,9,3Lz+2T+2T,9.46,0.2,9.66,TRUE,FALSE,FALSE,FALSE,NaN
Abbott Jeremy,USA,2014,FS,10,2A,3.63,0.36,3.99,FALSE,FALSE,FALSE,FALSE,NaN
Abbott Jeremy,USA,2014,FS,11,FUSp3,2.4,0.5,2.9,FALSE,FALSE,FALSE,FALSE,NaN
Abbott Jeremy,USA,2014,FS,12,ChSq1,2,1.5,3.5,TRUE,FALSE,FALSE,FALSE,NaN
Abbott Jeremy,USA,2014,FS,13,CCoSp4,3.5,1,4.5,TRUE,FALSE,FALSE,FALSE,NaN
Liebers Peter,GER,2014,FS,1,4T,10.3,-3,7.3,TRUE,FALSE,FALSE,FALSE,NaN
Liebers Peter,GER,2014,FS,2,3A+3T,12.6,1.86,14.46,TRUE,FALSE,FALSE,FALSE,NaN
Liebers Peter,GER,2014,FS,3,3Lz,6,0.7,6.7,FALSE,FALSE,FALSE,FALSE,NaN
Liebers Peter,GER,2014,FS,4,StSq3,3.3,0.64,3.94,FALSE,FALSE,FALSE,FALSE,NaN
Liebers Peter,GER,2014,FS,5,3A,9.35,-2,7.35,FALSE,FALSE,FALSE,FALSE,NaN
Liebers Peter,GER,2014,FS,6,3Lz+2T+2T,9.46,0.4,9.86,TRUE,FALSE,FALSE,FALSE,NaN
Liebers Peter,GER,2014,FS,7,FSSp3,2.6,0.5,3.1,TRUE,FALSE,FALSE,FALSE,NaN
Liebers Peter,GER,2014,FS,8,3S,4.62,0.2,4.82,TRUE,TRUE,FALSE,FALSE,NaN
Liebers Peter,GER,2014,FS,9,3Lo,5.61,-0.5,5.11,FALSE,FALSE,FALSE,FALSE,NaN
Liebers Peter,GER,2014,FS,10,FCCoSp3,3,0.07,3.07,FALSE,FALSE,FALSE,FALSE,NaN
Liebers Peter,GER,2014,FS,11,2A,3.63,0.64,4.27,TRUE,FALSE,FALSE,FALSE,NaN
Liebers Peter,GER,2014,FS,12,ChSq1,2,0.7,2.7,TRUE,FALSE,TRUE,FALSE,NaN
Liebers Peter,GER,2014,FS,13,CCoSp3,3,0.29,3.29,TRUE,FALSE,FALSE,FALSE,NaN
Reynolds Kevin,CAN,2014,FS,1,4S<,7.4,-1.86,5.54,TRUE,FALSE,FALSE,FALSE,NaN
Reynolds Kevin,CAN,2014,FS,2,4T<+3T+2Lo,13.1,-0.86,12.24,FALSE,FALSE,FALSE,FALSE,NaN
Reynolds Kevin,CAN,2014,FS,3,3A+2T,9.8,-1.43,8.37,TRUE,FALSE,FALSE,FALSE,NaN
Reynolds Kevin,CAN,2014,FS,4,CCSp3,2.8,-0.04,2.76,FALSE,FALSE,FALSE,FALSE,NaN
Reynolds Kevin,CAN,2014,FS,5,StSq3,3.3,0.57,3.87,FALSE,FALSE,FALSE,FALSE,NaN
Reynolds Kevin,CAN,2014,FS,6,4T,11.33,0.57,11.9,TRUE,TRUE,FALSE,FALSE,NaN
Reynolds Kevin,CAN,2014,FS,7,2A,3.63,0.29,3.92,TRUE,TRUE,FALSE,FALSE,NaN
Reynolds Kevin,CAN,2014,FS,8,3F,5.83,-0.1,5.73,TRUE,FALSE,FALSE,FALSE,NaN
Reynolds Kevin,CAN,2014,FS,9,CCoSp3,3,0.57,3.57,TRUE,FALSE,FALSE,FALSE,NaN
Reynolds Kevin,CAN,2014,FS,10,3Lz,6.6,0.1,6.7,FALSE,FALSE,FALSE,FALSE,NaN
Reynolds Kevin,CAN,2014,FS,11,3S+3T,9.13,-0.1,9.03,FALSE,FALSE,FALSE,FALSE,NaN
Reynolds Kevin,CAN,2014,FS,12,ChSq1,2,0.7,2.7,TRUE,FALSE,FALSE,FALSE,NaN
Reynolds Kevin,CAN,2014,FS,13,FCCoSp4,3.5,0,3.5,TRUE,FALSE,FALSE,FALSE,NaN
Brown Jason,USA,2014,FS,1,2A,3.3,1,4.3,TRUE,FALSE,FALSE,FALSE,NaN
Brown Jason,USA,2014,FS,2,3A+3T,11.4,-2.71,8.69,TRUE,FALSE,FALSE,FALSE,NaN
Brown Jason,USA,2014,FS,3,CCSp4,3.2,1.14,4.34,FALSE,FALSE,FALSE,FALSE,NaN
Brown Jason,USA,2014,FS,4,3A,6,-3,3,FALSE,FALSE,FALSE,FALSE,NaN
Brown Jason,USA,2014,FS,5,CCoSp4,3.5,0.79,4.29,FALSE,FALSE,FALSE,FALSE,NaN
Brown Jason,USA,2014,FS,6,StSq3,3.3,1.21,4.51,FALSE,FALSE,FALSE,FALSE,NaN
Brown Jason,USA,2014,FS,7,3Lz+1Lo+3S,11.77,-0.4,11.37,TRUE,FALSE,FALSE,FALSE,NaN
Brown Jason,USA,2014,FS,8,3F+2T,7.26,0.7,7.96,TRUE,FALSE,FALSE,FALSE,NaN
Brown Jason,USA,2014,FS,9,A,0,0,0,FALSE,FALSE,FALSE,FALSE,NaN
Brown Jason,USA,2014,FS,10,2A,3.63,0,3.63,TRUE,FALSE,FALSE,FALSE,NaN
Brown Jason,USA,2014,FS,11,3Lz,6.6,1.3,7.9,TRUE,FALSE,FALSE,FALSE,NaN
Brown Jason,USA,2014,FS,12,ChSq1,2,1.6,3.6,FALSE,FALSE,FALSE,FALSE,NaN
Brown Jason,USA,2014,FS,13,3Lo,0,0,0,TRUE,FALSE,TRUE,FALSE,NaN
Brown Jason,USA,2015,FS,14,FCCoSp4,3.5,1,4.5,FALSE,FALSE,FALSE,FALSE,NaN
Verner Tomas,CZE,2025,FS,1,4T,10.3,-3,7.3,TRUE,TRUE,FALSE,FALSE,NaN
Verner Tomas,CZE,2025,FS,2,4T+SEQ,8.24,-1.71,6.53,TRUE,TRUE,FALSE,FALSE,NaN
Verner Tomas,CZE,2025,FS,3,3A,8.5,1.57,10.07,TRUE,FALSE,FALSE,FALSE,NaN
Verner Tomas,CZE,2025,FS,4,3F,5.3,0.7,6,TRUE,FALSE,FALSE,FALSE,NaN
Verner Tomas,CZE,2025,FS,5,StSq3,3.3,0.71,4.01,FALSE,FALSE,FALSE,FALSE,NaN
Verner Tomas,CZE,2025,FS,6,FUSp3,2.4,0.57,2.97,FALSE,FALSE,FALSE,FALSE,NaN
Verner Tomas,CZE,2025,FS,7,3A+3T,13.86,0.29,14.15,TRUE,FALSE,FALSE,FALSE,NaN
Verner Tomas,CZE,2025,FS,8,3Lo,5.61,0.8,6.41,TRUE,FALSE,FALSE,FALSE,NaN
Verner Tomas,CZE,2025,FS,9,2Lz,2.31,-0.64,1.67,TRUE,FALSE,FALSE,FALSE,NaN
Verner Tomas,CZE,2025,FS,10,2A+1Lo+2S,5.61,-0.21,5.4,TRUE,FALSE,FALSE,FALSE,NaN
Verner Tomas,CZE,2025,FS,11,CSSp3,2.6,0.57,3.17,FALSE,FALSE,FALSE,FALSE,NaN
Verner Tomas,CZE,2025,FS,12,ChSq1,2,1.3,3.3,FALSE,FALSE,FALSE,FALSE,NaN
Verner Tomas,CZE,2025,FS,13,CCoSp2,2.5,0.5,3,FALSE,FALSE,FALSE,FALSE,NaN
Brezina Michal,CZE,2014,FS,1,4S+2T,11.8,0.43,12.23,TRUE,FALSE,FALSE,FALSE,NaN
Brezina Michal,CZE,2014,FS,2,1A,1.1,0.06,1.16,TRUE,FALSE,FALSE,FALSE,NaN
Brezina Michal,CZE,2014,FS,3,4S,10.5,0.86,11.36,TRUE,TRUE,FALSE,FALSE,NaN
Brezina Michal,CZE,2014,FS,4,FSSp4,3,0.43,3.43,FALSE,FALSE,FALSE,FALSE,NaN
Brezina Michal,CZE,2014,FS,5,StSq3,3.3,0.93,4.23,FALSE,FALSE,FALSE,FALSE,NaN
Brezina Michal,CZE,2014,FS,6,3A+2T+2T,12.21,1.14,13.35,TRUE,FALSE,FALSE,FALSE,NaN
Brezina Michal,CZE,2014,FS,7,3F+3T<,9.02,-2.1,6.92,TRUE,FALSE,TRUE,FALSE,NaN
Brezina Michal,CZE,2014,FS,8,3Lo,5.61,0.3,5.91,TRUE,FALSE,FALSE,FALSE,NaN
Brezina Michal,CZE,2014,FS,9,3Lz,6.6,0.2,6.8,TRUE,FALSE,FALSE,FALSE,NaN
Brezina Michal,CZE,2014,FS,10,ChSq1,2,0.7,2.7,FALSE,FALSE,FALSE,FALSE,NaN
Brezina Michal,CZE,2014,FS,11,2S,1.43,0.03,1.46,TRUE,FALSE,FALSE,FALSE,NaN
Brezina Michal,CZE,2014,FS,12,CCoSp4,3.5,0.29,3.79,FALSE,FALSE,FALSE,FALSE,NaN
Brezina Michal,CZE,2014,FS,13,CSSp1,1.9,0.07,1.97,FALSE,FALSE,FALSE,FALSE,NaN
Joubert Brian,FRA,2014,FS,1,4T+2T,11.6,-0.14,11.46,TRUE,TRUE,FALSE,FALSE,NaN
Joubert Brian,FRA,2014,FS,2,4T,10.3,1.29,11.59,TRUE,TRUE,FALSE,FALSE,NaN
Joubert Brian,FRA,2014,FS,3,3A,8.5,-0.86,7.64,TRUE,FALSE,FALSE,FALSE,NaN
Joubert Brian,FRA,2014,FS,4,3Lo,5.1,0.4,5.5,TRUE,FALSE,FALSE,FALSE,NaN
Joubert Brian,FRA,2014,FS,5,FUSp3,2.4,0.36,2.76,FALSE,FALSE,FALSE,FALSE,NaN
Joubert Brian,FRA,2014,FS,6,StSq3,3.3,0.64,3.94,FALSE,FALSE,FALSE,FALSE,NaN
Joubert Brian,FRA,2014,FS,7,2Lz,2.31,0,2.31,TRUE,FALSE,FALSE,FALSE,NaN
Joubert Brian,FRA,2014,FS,8,2A,3.63,0.43,4.06,TRUE,FALSE,FALSE,FALSE,NaN
Joubert Brian,FRA,2014,FS,9,3F,5.83,-1,4.83,TRUE,FALSE,FALSE,FALSE,NaN
Joubert Brian,FRA,2014,FS,10,3S+2T+2T,7.48,0.7,8.18,TRUE,FALSE,FALSE,FALSE,NaN
Joubert Brian,FRA,2014,FS,11,CSSp3,2.6,0.21,2.81,FALSE,FALSE,FALSE,FALSE,NaN
Joubert Brian,FRA,2014,FS,12,ChSq1,2,0.6,2.6,FALSE,FALSE,FALSE,FALSE,NaN
Joubert Brian,FRA,2014,FS,13,CCoSp1,2,-0.17,1.83,FALSE,FALSE,FALSE,FALSE,NaN
Hendrickx Jorik,BEL,2014,FS,1,3A+2T,9.8,-1.14,8.66,TRUE,FALSE,FALSE,FALSE,NaN
Hendrickx Jorik,BEL,2014,FS,2,3A,8.5,-1.14,7.36,TRUE,FALSE,FALSE,FALSE,NaN
Hendrickx Jorik,BEL,2014,FS,3,3Lz+3T,10.1,0.5,10.6,TRUE,FALSE,FALSE,FALSE,NaN
Hendrickx Jorik,BEL,2014,FS,4,StSq3,3.3,0.43,3.73,FALSE,FALSE,FALSE,FALSE,NaN
Hendrickx Jorik,BEL,2014,FS,5,FCSp4,3.2,0.71,3.91,FALSE,FALSE,FALSE,FALSE,NaN
Hendrickx Jorik,BEL,2014,FS,6,3S+2T+2T,7.48,0.6,8.08,TRUE,FALSE,FALSE,FALSE,NaN
Hendrickx Jorik,BEL,2014,FS,7,3Lz,6.6,0,6.6,TRUE,FALSE,FALSE,FALSE,NaN
Hendrickx Jorik,BEL,2014,FS,8,3F,5.83,0.1,5.93,TRUE,FALSE,FALSE,FALSE,NaN
Hendrickx Jorik,BEL,2014,FS,9,3Lo,5.61,-0.1,5.51,TRUE,FALSE,FALSE,FALSE,NaN
Hendrickx Jorik,BEL,2014,FS,10,CSSp3,2.6,0.1,2.7,FALSE,FALSE,FALSE,FALSE,NaN
Hendrickx Jorik,BEL,2014,FS,11,ChSq1,2,0.6,2.6,FALSE,FALSE,FALSE,FALSE,NaN
Hendrickx Jorik,BEL,2014,FS,12,2A,3.63,0.36,3.99,TRUE,FALSE,FALSE,FALSE,NaN
Hendrickx Jorik,BEL,2014,FS,13,CCoSp4,3.5,0.71,4.21,FALSE,FALSE,FALSE,FALSE,NaN
Majorov Alexander,SWE,2014,FS,1,4T,10.3,-1.14,9.16,TRUE,TRUE,FALSE,FALSE,NaN
Majorov Alexander,SWE,2014,FS,2,3Lz+3T,10.1,-0.7,9.4,TRUE,FALSE,FALSE,FALSE,NaN
Majorov Alexander,SWE,2014,FS,3,3Lo,5.1,-1.1,4,TRUE,FALSE,FALSE,FALSE,NaN
Majorov Alexander,SWE,2014,FS,4,FCCoSp4,3.5,0.43,3.93,FALSE,FALSE,FALSE,FALSE,NaN
Majorov Alexander,SWE,2014,FS,5,StSq3,3.3,0.57,3.87,FALSE,FALSE,FALSE,FALSE,NaN
Majorov Alexander,SWE,2014,FS,6,3Lz+2T+2T,9.46,-0.5,8.96,TRUE,FALSE,FALSE,FALSE,NaN
Majorov Alexander,SWE,2014,FS,7,1A,1.21,-0.17,1.04,TRUE,FALSE,FALSE,FALSE,NaN
Majorov Alexander,SWE,2014,FS,8,3F+2T,7.26,0,7.26,TRUE,FALSE,FALSE,FALSE,NaN
Majorov Alexander,SWE,2014,FS,9,CCoSp4,3.5,0.14,3.64,FALSE,FALSE,FALSE,FALSE,NaN
Majorov Alexander,SWE,2014,FS,10,3S,4.62,0.5,5.12,TRUE,FALSE,FALSE,FALSE,NaN
Majorov Alexander,SWE,2014,FS,11,2A,3.63,0.43,4.06,TRUE,FALSE,FALSE,FALSE,NaN
Majorov Alexander,SWE,2014,FS,12,ChSq1,2,0.8,2.8,FALSE,FALSE,FALSE,FALSE,NaN
Majorov Alexander,SWE,2014,FS,13,FSSp3,2.6,0.21,2.81,FALSE,FALSE,FALSE,FALSE,NaN
Ge Misha,UZB,2014,FS,1,3A,8.5,-1,7.5,TRUE,FALSE,FALSE,FALSE,NaN
Ge Misha,UZB,2014,FS,2,3Lz,6,0,6,TRUE,FALSE,FALSE,FALSE,NaN
Ge Misha,UZB,2014,FS,3,3F,5.3,0,5.3,TRUE,FALSE,FALSE,FALSE,NaN
Ge Misha,UZB,2014,FS,4,3Lo,5.1,0.6,5.7,TRUE,FALSE,FALSE,FALSE,NaN
Ge Misha,UZB,2014,FS,5,CCSp3,2.8,0.36,3.16,FALSE,FALSE,FALSE,FALSE,NaN
Ge Misha,UZB,2014,FS,6,3Lz+2T+2Lo,9.1,-0.6,8.5,TRUE,FALSE,FALSE,FALSE,NaN
Ge Misha,UZB,2014,FS,7,3F+2T,7.26,0,7.26,TRUE,FALSE,FALSE,FALSE,NaN
Ge Misha,UZB,2014,FS,8,2A,3.63,0,3.63,TRUE,FALSE,FALSE,FALSE,NaN
Ge Misha,UZB,2014,FS,9,3S+3T,9.13,-0.7,8.43,TRUE,FALSE,FALSE,FALSE,NaN
Ge Misha,UZB,2014,FS,10,FSSp2,2.3,0.29,2.59,FALSE,FALSE,FALSE,FALSE,NaN
Ge Misha,UZB,2014,FS,11,StSq3,3.3,0.86,4.16,FALSE,FALSE,FALSE,FALSE,NaN
Ge Misha,UZB,2014,FS,12,CCoSp4,3.5,0.5,4,FALSE,FALSE,FALSE,FALSE,NaN
Ge Misha,UZB,2014,FS,13,ChSq1,2,1.4,3.4,FALSE,FALSE,FALSE,FALSE,NaN
Amodio Florent,FRA,2014,FS,1,3S,4.2,-0.9,3.3,TRUE,FALSE,FALSE,FALSE,NaN
Amodio Florent,FRA,2014,FS,2,2S,1.3,-0.06,1.24,TRUE,FALSE,FALSE,FALSE,NaN
Amodio Florent,FRA,2014,FS,3,3A,8.5,-1,7.5,TRUE,FALSE,FALSE,FALSE,NaN
Amodio Florent,FRA,2014,FS,4,FCSp2,2.3,0.36,2.66,FALSE,FALSE,FALSE,FALSE,NaN
Amodio Florent,FRA,2014,FS,5,StSq3,3.3,0.93,4.23,FALSE,FALSE,FALSE,FALSE,NaN
Amodio Florent,FRA,2014,FS,6,3A+SEQ,7.48,-1,6.48,TRUE,FALSE,FALSE,FALSE,NaN
Amodio Florent,FRA,2014,FS,7,2A,3.63,0.36,3.99,TRUE,FALSE,FALSE,FALSE,NaN
Amodio Florent,FRA,2014,FS,8,3Lz,6.6,-1.4,5.2,TRUE,FALSE,FALSE,FALSE,NaN
Amodio Florent,FRA,2014,FS,9,3F,5.83,-0.9,4.93,TRUE,FALSE,FALSE,FALSE,NaN
Amodio Florent,FRA,2014,FS,10,2S,1.43,0.06,1.49,TRUE,FALSE,FALSE,FALSE,NaN
Amodio Florent,FRA,2014,FS,11,CCoSp1,2,0.21,2.21,FALSE,FALSE,FALSE,FALSE,NaN
Amodio Florent,FRA,2014,FS,12,ChSq1,2,1.1,3.1,FALSE,FALSE,FALSE,FALSE,NaN
Amodio Florent,FRA,2014,FS,13,FCSSp3,2.6,0.07,2.67,FALSE,FALSE,FALSE,FALSE,NaN
Godorozha Yakov,UKR,2014,FS,1,3A+2T,9.8,-0.14,9.66,TRUE,FALSE,FALSE,FALSE,NaN
Godorozha Yakov,UKR,2014,FS,2,3Lz+2T,7.3,-0.5,6.8,TRUE,FALSE,FALSE,FALSE,NaN
Godorozha Yakov,UKR,2014,FS,3,3A,8.5,-1,7.5,TRUE,FALSE,FALSE,FALSE,NaN
Godorozha Yakov,UKR,2014,FS,4,3F+2T+2Lo,8.4,-1,7.4,TRUE,FALSE,FALSE,FALSE,NaN
Godorozha Yakov,UKR,2014,FS,5,FCSp4,3.2,0.36,3.56,FALSE,FALSE,FALSE,FALSE,NaN
Godorozha Yakov,UKR,2014,FS,6,StSq3,3.3,0.07,3.37,FALSE,FALSE,FALSE,FALSE,NaN
Godorozha Yakov,UKR,2014,FS,7,3Lz,6.6,-1,5.6,TRUE,FALSE,FALSE,FALSE,NaN
Godorozha Yakov,UKR,2014,FS,8,3Lo,5.61,-0.8,4.81,TRUE,FALSE,FALSE,FALSE,NaN
Godorozha Yakov,UKR,2014,FS,9,2A,3.63,0.07,3.7,TRUE,FALSE,FALSE,FALSE,NaN
Godorozha Yakov,UKR,2014,FS,10,CCoSp3,3,0,3,FALSE,FALSE,FALSE,FALSE,NaN
Godorozha Yakov,UKR,2014,FS,11,3S,4.62,0.1,4.72,TRUE,FALSE,FALSE,FALSE,NaN
Godorozha Yakov,UKR,2014,FS,12,ChSq1,2,0,2,FALSE,FALSE,FALSE,FALSE,NaN
Godorozha Yakov,UKR,2014,FS,13,CSSp4,3,0,3,FALSE,FALSE,FALSE,FALSE,NaN
Martinz Michael Christian,PHI,2014,FS,1,3A+2T,9.8,0.86,10.66,TRUE,FALSE,FALSE,FALSE,NaN
Martinz Michael Christian,PHI,2014,FS,2,3Lz+2T,7.3,0.5,7.8,TRUE,FALSE,FALSE,FALSE,NaN
Martinz Michael Christian,PHI,2014,FS,3,2F,1.8,-0.34,1.46,TRUE,FALSE,FALSE,FALSE,NaN
Martinz Michael Christian,PHI,2014,FS,4,FCCoSp4,3.5,0.36,3.86,FALSE,FALSE,FALSE,FALSE,NaN
Martinz Michael Christian,PHI,2014,FS,5,StSq3,3.3,0.29,3.59,FALSE,FALSE,FALSE,FALSE,NaN
Martinz Michael Christian,PHI,2014,FS,6,3Lo,5.1,-2,3.1,TRUE,FALSE,FALSE,FALSE,NaN
Martinz Michael Christian,PHI,2014,FS,7,3A,9.35,-1,8.35,TRUE,FALSE,FALSE,FALSE,NaN
Martinz Michael Christian,PHI,2014,FS,8,3Lz,6.6,-0.7,5.9,TRUE,FALSE,FALSE,FALSE,NaN
Martinz Michael Christian,PHI,2014,FS,9,2A+1Lo+2S,5.61,-0.79,4.82,TRUE,FALSE,FALSE,FALSE,NaN
Martinz Michael Christian,PHI,2014,FS,10,FSSp2,2.3,0.14,2.44,FALSE,FALSE,FALSE,FALSE,NaN
Martinz Michael Christian,PHI,2014,FS,11,2A,3.63,0.21,3.84,TRUE,FALSE,FALSE,FALSE,NaN
Martinz Michael Christian,PHI,2014,FS,12,ChSq1,2,0.4,2.4,FALSE,FALSE,FALSE,FALSE,NaN
Martinz Michael Christian,PHI,2014,FS,13,CCoSp4,3.5,0.86,4.36,FALSE,FALSE,FALSE,FALSE,NaN
Bychenko Alexei,ISR,2014,FS,1,3A+2T,9.8,-1.14,8.66,TRUE,FALSE,FALSE,FALSE,NaN
Bychenko Alexei,ISR,2014,FS,2,4T,10.3,-3,7.3,TRUE,TRUE,FALSE,FALSE,NaN
Bychenko Alexei,ISR,2014,FS,3,2A,3.3,0.07,3.37,TRUE,FALSE,FALSE,FALSE,NaN
Bychenko Alexei,ISR,2014,FS,4,CCoSp4,3.5,0.07,3.57,FALSE,FALSE,FALSE,FALSE,NaN
Bychenko Alexei,ISR,2014,FS,5,StSq2,2.6,0.14,2.74,FALSE,FALSE,FALSE,FALSE,NaN
Bychenko Alexei,ISR,2014,FS,6,3Lo,5.61,-0.5,5.11,TRUE,FALSE,FALSE,FALSE,NaN
Bychenko Alexei,ISR,2014,FS,7,3F+3T,10.34,0.1,10.44,TRUE,FALSE,FALSE,FALSE,NaN
Bychenko Alexei,ISR,2014,FS,8,2Lz,2.31,-0.34,1.97,TRUE,FALSE,FALSE,FALSE,NaN
Bychenko Alexei,ISR,2014,FS,9,CCSp3,2.8,-0.09,2.71,FALSE,FALSE,FALSE,FALSE,NaN
Bychenko Alexei,ISR,2014,FS,10,3F,5.83,0.1,5.93,TRUE,FALSE,FALSE,FALSE,NaN
Bychenko Alexei,ISR,2014,FS,11,3S+1T,5.06,-0.6,4.46,TRUE,FALSE,FALSE,FALSE,NaN
Bychenko Alexei,ISR,2014,FS,12,ChSq1,2,0,2,FALSE,FALSE,FALSE,FALSE,NaN
Bychenko Alexei,ISR,2014,FS,13,FSSp1,2,-0.3,1.7,FALSE,FALSE,FALSE,FALSE,NaN
Rakimgaliev Abzal,KAZ,2014,FS,1,3S,4.2,0.6,4.8,TRUE,FALSE,FALSE,FALSE,NaN
Rakimgaliev Abzal,KAZ,2014,FS,2,3F+2T+2T,7.9,-0.4,7.5,TRUE,FALSE,FALSE,FALSE,NaN
Rakimgaliev Abzal,KAZ,2014,FS,3,3A,8.5,-2,6.5,TRUE,FALSE,FALSE,FALSE,NaN
Rakimgaliev Abzal,KAZ,2014,FS,4,FCSp3,2.8,0.21,3.01,FALSE,FALSE,FALSE,FALSE,NaN
Rakimgaliev Abzal,KAZ,2014,FS,5,StSq3,3.3,0.36,3.66,FALSE,FALSE,FALSE,FALSE,NaN
Rakimgaliev Abzal,KAZ,2014,FS,6,3A*+1Lo*+2S*,0,0,0,TRUE,FALSE,FALSE,FALSE,NaN
Rakimgaliev Abzal,KAZ,2014,FS,7,3F,5.83,-0.8,5.03,TRUE,FALSE,FALSE,FALSE,NaN
Rakimgaliev Abzal,KAZ,2014,FS,8,3Lo,5.61,-0.9,4.71,TRUE,FALSE,FALSE,FALSE,NaN
Rakimgaliev Abzal,KAZ,2014,FS,9,3T+2A+SEQ,6.51,0.3,6.81,TRUE,FALSE,FALSE,FALSE,NaN
Rakimgaliev Abzal,KAZ,2014,FS,10,2A,3.63,0.07,3.7,TRUE,FALSE,FALSE,FALSE,NaN
Rakimgaliev Abzal,KAZ,2014,FS,11,ChSq1,2,0.1,2.1,FALSE,FALSE,FALSE,FALSE,NaN
Rakimgaliev Abzal,KAZ,2014,FS,12,CCoSp3,3,0.36,3.36,FALSE,FALSE,FALSE,FALSE,NaN
Rakimgaliev Abzal,KAZ,2014,FS,13,CSSp3,2.6,0.14,2.74,FALSE,FALSE,FALSE,FALSE,NaN
Kelemen Zoltan,ROU,2014,FS,1,3A+3T,12.6,0.71,13.31,TRUE,FALSE,FALSE,FALSE,NaN
Kelemen Zoltan,ROU,2014,FS,2,3Lz<,4.2,-2.1,2.1,TRUE,FALSE,TRUE,FALSE,NaN
Kelemen Zoltan,ROU,2014,FS,3,3F,5.3,-1.4,3.9,TRUE,FALSE,FALSE,FALSE,NaN
Kelemen Zoltan,ROU,2014,FS,4,3A,8.5,-2,6.5,TRUE,FALSE,FALSE,FALSE,NaN
Kelemen Zoltan,ROU,2014,FS,5,CCSp1,2,-0.09,1.91,FALSE,FALSE,FALSE,FALSE,NaN
Kelemen Zoltan,ROU,2014,FS,6,StSq2,2.6,0,2.6,FALSE,FALSE,FALSE,FALSE,NaN
Kelemen Zoltan,ROU,2014,FS,7,3Lo<,3.96,-2.1,1.86,TRUE,FALSE,TRUE,FALSE,NaN
Kelemen Zoltan,ROU,2014,FS,8,3Lz+SEQ,5.28,-2.1,3.18,TRUE,FALSE,FALSE,FALSE,NaN
Kelemen Zoltan,ROU,2014,FS,9,3S,4.62,-1,3.62,TRUE,FALSE,FALSE,FALSE,NaN
Kelemen Zoltan,ROU,2014,FS,10,FSSp2,2.3,-0.21,2.09,FALSE,FALSE,FALSE,FALSE,NaN
Kelemen Zoltan,ROU,2014,FS,11,ChSq1,2,0,2,FALSE,FALSE,FALSE,FALSE,NaN
Kelemen Zoltan,ROU,2014,FS,12,2A+2T,5.06,0,5.06,TRUE,FALSE,FALSE,FALSE,NaN
Kelemen Zoltan,ROU,2014,FS,13,CCoSp1,2,0.14,2.14,FALSE,FALSE,FALSE,FALSE,NaN
Romanenkov Viktor,EST,2014,FS,1,3A,8.5,-3,5.5,TRUE,FALSE,FALSE,FALSE,NaN
Romanenkov Viktor,EST,2014,FS,2,2A+3T,7.4,-1.4,6,TRUE,FALSE,FALSE,FALSE,NaN
Romanenkov Viktor,EST,2014,FS,3,1Lz,0.6,-0.23,0.37,TRUE,FALSE,FALSE,FALSE,NaN
Romanenkov Viktor,EST,2014,FS,4,CCoSp4,3.5,0,3.5,FALSE,FALSE,FALSE,FALSE,NaN
Romanenkov Viktor,EST,2014,FS,5,StSq2,2.6,0.14,2.74,FALSE,FALSE,FALSE,FALSE,NaN
Romanenkov Viktor,EST,2014,FS,6,3Lo,5.1,-2.1,3,TRUE,FALSE,FALSE,FALSE,NaN
Romanenkov Viktor,EST,2014,FS,7,CSSp3,2.6,0.07,2.67,FALSE,FALSE,FALSE,FALSE,NaN
Romanenkov Viktor,EST,2014,FS,8,1Lz,0.66,-0.19,0.47,TRUE,FALSE,FALSE,FALSE,NaN
Romanenkov Viktor,EST,2014,FS,9,1A,1.21,0,1.21,TRUE,FALSE,FALSE,FALSE,NaN
Romanenkov Viktor,EST,2014,FS,10,2T,1.43,0,1.43,TRUE,FALSE,FALSE,FALSE,NaN
Romanenkov Viktor,EST,2014,FS,11,2S,1.43,0,1.43,TRUE,FALSE,FALSE,FALSE,NaN
Romanenkov Viktor,EST,2014,FS,12,FCCoSp1,2,0,2,FALSE,FALSE,FALSE,FALSE,NaN
Romanenkov Viktor,EST,2014,FS,13,ChSq1,2,0.1,2.1,FALSE,FALSE,FALSE,FALSE,NaN
Chen Nathan,USA,2018,FS,1,4Lz,13.6,1.57,15.17,TRUE,TRUE,FALSE,FALSE,NaN
Chen Nathan,USA,2018,FS,2,4F+2T,13.6,1.29,14.89,TRUE,TRUE,FALSE,FALSE,NaN
Chen Nathan,USA,2018,FS,3,4F,12.3,-2.23,10.07,TRUE,TRUE,FALSE,FALSE,NaN
Chen Nathan,USA,2018,FS,4,CCSp4,3.2,0.57,3.77,FALSE,FALSE,FALSE,FALSE,NaN
Chen Nathan,USA,2018,FS,5,StSq4,3.9,1.1,5,FALSE,FALSE,FALSE,FALSE,NaN
Chen Nathan,USA,2018,FS,6,4T+3T,16.06,1.57,17.63,TRUE,TRUE,FALSE,FALSE,NaN
Chen Nathan,USA,2018,FS,7,4T,11.33,1.71,13.04,TRUE,TRUE,FALSE,FALSE,NaN
Chen Nathan,USA,2018,FS,8,4S,11.55,1.86,13.41,TRUE,TRUE,FALSE,FALSE,NaN
Chen Nathan,USA,2018,FS,9,3A,9.35,1,10.35,TRUE,FALSE,FALSE,FALSE,NaN
Chen Nathan,USA,2018,FS,10,3F+1Lo+3S,11.22,0.9,12.12,TRUE,FALSE,FALSE,FALSE,NaN
Chen Nathan,USA,2018,FS,11,ChSq1,2,1.4,3.4,FALSE,FALSE,FALSE,FALSE,NaN
Chen Nathan,USA,2018,FS,12,FCCoSp4,3.5,0.93,4.43,FALSE,FALSE,FALSE,FALSE,NaN
Chen Nathan,USA,2018,FS,13,CCoSp4,3.5,0.86,4.36,FALSE,FALSE,FALSE,FALSE,NaN
Hanyu Yuzuru,JPN,2018,FS,1,4S,10.5,3,13.5,TRUE,TRUE,FALSE,FALSE,Gold
Hanyu Yuzuru,JPN,2018,FS,2,4T,10.3,3,13.3,TRUE,TRUE,FALSE,FALSE,Gold
Hanyu Yuzuru,JPN,2018,FS,3,3F,5.3,1.6,6.9,TRUE,FALSE,FALSE,FALSE,Gold
Hanyu Yuzuru,JPN,2018,FS,4,FCCoSp4,3.5,1,4.5,FALSE,FALSE,FALSE,FALSE,Gold
Hanyu Yuzuru,JPN,2018,FS,5,StSq3,3.3,1.43,4.73,FALSE,FALSE,FALSE,FALSE,Gold
Hanyu Yuzuru,JPN,2018,FS,6,4S+3T,16.28,2.71,18.99,TRUE,TRUE,FALSE,FALSE,Gold
Hanyu Yuzuru,JPN,2018,FS,7,4T+REP,7.93,-2.06,5.87,TRUE,TRUE,FALSE,FALSE,Gold
Hanyu Yuzuru,JPN,2018,FS,8,3A+1Lo+3S,14.74,2.14,16.88,TRUE,FALSE,FALSE,FALSE,Gold
Hanyu Yuzuru,JPN,2018,FS,9,3Lo,5.61,1.2,6.81,TRUE,FALSE,FALSE,FALSE,Gold
Hanyu Yuzuru,JPN,2018,FS,10,3Lz,6.6,-1.1,5.5,TRUE,FALSE,FALSE,FALSE,Gold
Hanyu Yuzuru,JPN,2018,FS,11,FCSSp4,3,0.93,3.93,FALSE,FALSE,FALSE,FALSE,Gold
Hanyu Yuzuru,JPN,2018,FS,12,ChSq1,2,2,4,FALSE,FALSE,FALSE,FALSE,Gold
Hanyu Yuzuru,JPN,2018,FS,13,CCoSp4,3.5,1.14,4.64,FALSE,FALSE,FALSE,FALSE,Gold
Uno Shoma,JPN,2018,FS,1,4Lo,12,-4,8,TRUE,TRUE,FALSE,FALSE,Silver
Uno Shoma,JPN,2018,FS,2,4F,12.3,1.57,13.87,TRUE,TRUE,FALSE,FALSE,Silver
Uno Shoma,JPN,2018,FS,3,3Lo,5.1,1.2,6.3,TRUE,FALSE,FALSE,FALSE,Silver
Uno Shoma,JPN,2018,FS,4,FCSp4,3.2,0.93,4.13,FALSE,FALSE,FALSE,FALSE,Silver
Uno Shoma,JPN,2018,FS,5,FCCoSp4,3.5,0.93,4.43,FALSE,FALSE,FALSE,FALSE,Silver
Uno Shoma,JPN,2018,FS,6,StSq3,3.3,1.07,4.37,FALSE,FALSE,FALSE,FALSE,Silver
Uno Shoma,JPN,2018,FS,7,3A,9.35,1.86,11.21,TRUE,FALSE,FALSE,FALSE,Silver
Uno Shoma,JPN,2018,FS,8,4T+2T,12.76,-1.54,11.22,TRUE,TRUE,FALSE,FALSE,Silver
Uno Shoma,JPN,2018,FS,9,4T,11.33,1.29,12.62,TRUE,TRUE,FALSE,FALSE,Silver
Uno Shoma,JPN,2018,FS,10,3A+1Lo+3F,15.73,1.29,17.02,TRUE,FALSE,FALSE,FALSE,Silver
Uno Shoma,JPN,2018,FS,11,3S+3T,9.57,0.7,10.27,TRUE,FALSE,FALSE,FALSE,Silver
Uno Shoma,JPN,2018,FS,12,ChSq1,2,1.5,3.5,FALSE,FALSE,FALSE,FALSE,Silver
Uno Shoma,JPN,2018,FS,13,CCoSp3,3,1.07,4.07,FALSE,FALSE,FALSE,FALSE,Silver
Fernandez Javier,ESP,2018,FS,1,4T,10.3,2.14,12.44,TRUE,TRUE,FALSE,FALSE,Bronze
Fernandez Javier,ESP,2018,FS,2,4S+2T,11.8,1.43,13.23,TRUE,TRUE,FALSE,FALSE,Bronze
Fernandez Javier,ESP,2018,FS,3,3A+3T,12.8,0.86,13.66,TRUE,FALSE,FALSE,FALSE,Bronze
Fernandez Javier,ESP,2018,FS,4,ChSq1,2,1.9,3.9,FALSE,FALSE,FALSE,FALSE,Bronze
Fernandez Javier,ESP,2018,FS,5,CSSp3,2.6,1.07,3.67,FALSE,FALSE,FALSE,FALSE,Bronze
Fernandez Javier,ESP,2018,FS,6,2S,1.43,0.17,1.6,TRUE,FALSE,FALSE,FALSE,Bronze
Fernandez Javier,ESP,2018,FS,7,3Lo,5.61,1.5,7.11,TRUE,FALSE,FALSE,FALSE,Bronze
Fernandez Javier,ESP,2018,FS,8,3A,9.35,1.86,11.21,TRUE,FALSE,FALSE,FALSE,Bronze
Fernandez Javier,ESP,2018,FS,9,3F+1Lo+3S,11.22,1.3,12.52,TRUE,FALSE,FALSE,FALSE,Bronze
Fernandez Javier,ESP,2018,FS,10,3Lz,6.6,1.4,8,TRUE,FALSE,FALSE,FALSE,Bronze
Fernandez Javier,ESP,2018,FS,11,FCCoSp4,3.5,0.57,4.07,FALSE,FALSE,FALSE,FALSE,Bronze
Fernandez Javier,ESP,2018,FS,12,StSq4,3.9,2,5.9,FALSE,FALSE,FALSE,FALSE,Bronze
Fernandez Javier,ESP,2018,FS,13,CCoSp3,3,1.21,4.21,FALSE,FALSE,FALSE,FALSE,Bronze
Jin Boyang,CHN,2018,FS,1,4Lz,13.6,1.71,15.31,TRUE,TRUE,FALSE,FALSE,NaN
Jin Boyang,CHN,2018,FS,2,4S,10.5,1,11.5,TRUE,TRUE,FALSE,FALSE,NaN
Jin Boyang,CHN,2018,FS,3,3A+1Lo+3S,13.4,1.43,14.83,TRUE,FALSE,FALSE,FALSE,NaN
Jin Boyang,CHN,2018,FS,4,FCSp4,3.2,0.5,3.7,FALSE,FALSE,FALSE,FALSE,NaN
Jin Boyang,CHN,2018,FS,5,ChSq1,2,1.4,3.4,FALSE,FALSE,FALSE,FALSE,NaN
Jin Boyang,CHN,2018,FS,6,4T,11.33,-4,7.33,TRUE,TRUE,FALSE,FALSE,NaN
Jin Boyang,CHN,2018,FS,7,4T+2T,12.76,0.57,13.33,TRUE,TRUE,FALSE,FALSE,NaN
Jin Boyang,CHN,2018,FS,8,3A,9.35,1.57,10.92,TRUE,FALSE,FALSE,FALSE,NaN
Jin Boyang,CHN,2018,FS,9,3Lz+3T,11.33,0.5,11.83,TRUE,FALSE,FALSE,FALSE,NaN
Jin Boyang,CHN,2018,FS,10,3F,5.83,0.9,6.73,TRUE,FALSE,FALSE,FALSE,NaN
Jin Boyang,CHN,2018,FS,11,CSSp4,3,0.64,3.64,FALSE,FALSE,FALSE,FALSE,NaN
Jin Boyang,CHN,2018,FS,12,StSq2,2.6,0.5,3.1,FALSE,FALSE,FALSE,FALSE,NaN
Jin Boyang,CHN,2018,FS,13,CCoSp4,3.5,0.57,4.07,FALSE,FALSE,FALSE,FALSE,NaN
Zhou Vincent,USA,2018,FS,1,4Lz+3T,17.9,1.14,19.04,TRUE,TRUE,FALSE,FALSE,NaN
Zhou Vincent,USA,2018,FS,2,4F,12.3,-3.31,8.99,TRUE,TRUE,FALSE,FALSE,NaN
Zhou Vincent,USA,2018,FS,3,4S,10.5,0.71,11.21,TRUE,TRUE,FALSE,FALSE,NaN
Zhou Vincent,USA,2018,FS,4,CSSp4,3,0.5,3.5,FALSE,FALSE,FALSE,FALSE,NaN
Zhou Vincent,USA,2018,FS,5,ChSq1,2,0.9,2.9,FALSE,FALSE,FALSE,FALSE,NaN
Zhou Vincent,USA,2018,FS,6,4Lz,10.45,-1.2,9.25,TRUE,TRUE,TRUE,FALSE,NaN
Zhou Vincent,USA,2018,FS,7,4T,11.33,1.14,12.47,TRUE,TRUE,FALSE,FALSE,NaN
Zhou Vincent,USA,2018,FS,8,3A+2T,10.78,0,10.78,TRUE,FALSE,FALSE,FALSE,NaN
Zhou Vincent,USA,2018,FS,9,3A,9.35,-0.29,9.06,TRUE,FALSE,FALSE,FALSE,NaN
Zhou Vincent,USA,2018,FS,10,FCSp4,3.2,0.29,3.49,FALSE,FALSE,FALSE,FALSE,NaN
Zhou Vincent,USA,2018,FS,11,StSq3,3.3,0.5,3.8,FALSE,FALSE,FALSE,FALSE,NaN
Zhou Vincent,USA,2018,FS,12,3Lz+1Lo+3F,12.98,0.7,13.68,TRUE,FALSE,FALSE,FALSE,NaN
Zhou Vincent,USA,2018,FS,13,CCoSp4,3.5,0.57,4.07,FALSE,FALSE,FALSE,FALSE,NaN
Kolyada Mikhail,OAR,2018,FS,1,4Lz,13.6,-3.77,9.83,TRUE,TRUE,FALSE,FALSE,NaN
Kolyada Mikhail,OAR,2018,FS,2,4T+3T,14.6,1.57,16.17,TRUE,TRUE,FALSE,FALSE,NaN
Kolyada Mikhail,OAR,2018,FS,3,3A+2T,9.8,2,11.8,TRUE,FALSE,FALSE,FALSE,NaN
Kolyada Mikhail,OAR,2018,FS,4,FSSp4,3,1.07,4.07,FALSE,FALSE,FALSE,FALSE,NaN
Kolyada Mikhail,OAR,2018,FS,5,StSq4,3.9,1.5,5.4,FALSE,FALSE,FALSE,FALSE,NaN
Kolyada Mikhail,OAR,2018,FS,6,4T,11.33,0.86,12.19,TRUE,TRUE,FALSE,FALSE,NaN
Kolyada Mikhail,OAR,2018,FS,7,1A,1.21,0.03,1.24,TRUE,FALSE,FALSE,FALSE,NaN
Kolyada Mikhail,OAR,2018,FS,8,3Lz+1Lo+3S,11.99,-0.7,11.29,TRUE,FALSE,FALSE,FALSE,NaN
Kolyada Mikhail,OAR,2018,FS,9,2Lo,1.98,-0.69,1.29,TRUE,FALSE,FALSE,FALSE,NaN
Kolyada Mikhail,OAR,2018,FS,10,3A,9.35,-3,6.35,TRUE,FALSE,FALSE,FALSE,NaN
Kolyada Mikhail,OAR,2018,FS,11,CCoSp4,3.5,0.79,4.29,FALSE,FALSE,FALSE,FALSE,NaN
Kolyada Mikhail,OAR,2018,FS,12,ChSq1,2,1.5,3.5,FALSE,FALSE,FALSE,FALSE,NaN
Kolyada Mikhail,OAR,2018,FS,13,CCSp4,3.2,1,4.2,FALSE,FALSE,FALSE,FALSE,NaN
Chan Patrick,CAN,2018,FS,1,4T+2T,11.6,2,13.6,TRUE,TRUE,FALSE,FALSE,NaN
Chan Patrick,CAN,2018,FS,2,3T,4.3,-1.3,3,TRUE,FALSE,FALSE,FALSE,NaN
Chan Patrick,CAN,2018,FS,3,3A+1Lo+2S,10.3,1,11.3,TRUE,FALSE,FALSE,FALSE,NaN
Chan Patrick,CAN,2018,FS,4,ChSq1,2,1.6,3.6,FALSE,FALSE,FALSE,FALSE,NaN
Chan Patrick,CAN,2018,FS,5,3Lz+3T,10.3,0.7,11,TRUE,FALSE,FALSE,FALSE,NaN
Chan Patrick,CAN,2018,FS,6,3A,9.35,-1,8.35,TRUE,FALSE,FALSE,FALSE,NaN
Chan Patrick,CAN,2018,FS,7,2Lo,1.98,0.13,2.11,TRUE,FALSE,FALSE,FALSE,NaN
Chan Patrick,CAN,2018,FS,8,CCSp3,2.8,1.07,3.87,FALSE,FALSE,FALSE,FALSE,NaN
Chan Patrick,CAN,2018,FS,9,3F,5.83,1.3,7.13,TRUE,FALSE,FALSE,FALSE,NaN
Chan Patrick,CAN,2018,FS,10,2A,3.63,0.86,4.49,TRUE,FALSE,FALSE,FALSE,NaN
Chan Patrick,CAN,2018,FS,11,FSSp4,3,1.07,4.07,FALSE,FALSE,FALSE,FALSE,NaN
Chan Patrick,CAN,2018,FS,12,StSq4,3.9,0.5,4.4,FALSE,FALSE,FALSE,FALSE,NaN
Chan Patrick,CAN,2018,FS,13,CCoSp4,3.5,1.14,4.64,FALSE,FALSE,FALSE,FALSE,NaN
Bychenko Alexei,ISR,2018,FS,1,4T+3T,14.6,2.14,16.74,TRUE,TRUE,FALSE,FALSE,NaN
Bychenko Alexei,ISR,2018,FS,2,4T,10.3,1.71,12.01,TRUE,TRUE,FALSE,FALSE,NaN
Bychenko Alexei,ISR,2018,FS,3,3Lo,5.1,1.3,6.4,TRUE,FALSE,FALSE,FALSE,NaN
Bychenko Alexei,ISR,2018,FS,4,CCoSp3,3,0.5,3.5,FALSE,FALSE,FALSE,FALSE,NaN
Bychenko Alexei,ISR,2018,FS,5,StSq3,3.3,0.71,4.01,FALSE,FALSE,FALSE,FALSE,NaN
Bychenko Alexei,ISR,2018,FS,6,3A,9.35,0.29,9.64,TRUE,FALSE,FALSE,FALSE,NaN
Bychenko Alexei,ISR,2018,FS,7,2A+2T,5.06,0,5.06,TRUE,FALSE,FALSE,FALSE,NaN
Bychenko Alexei,ISR,2018,FS,8,3Lz,6.6,0.8,7.4,TRUE,FALSE,FALSE,FALSE,NaN
Bychenko Alexei,ISR,2018,FS,9,FCSp2,2.3,0.14,2.44,FALSE,FALSE,FALSE,FALSE,NaN
Bychenko Alexei,ISR,2018,FS,10,3F+1Lo+3S,11.22,0.8,12.02,TRUE,FALSE,FALSE,FALSE,NaN
Bychenko Alexei,ISR,2018,FS,11,2A,3.63,0.64,4.27,TRUE,FALSE,FALSE,FALSE,NaN
Bychenko Alexei,ISR,2018,FS,12,ChSq1,2,0.7,2.7,FALSE,FALSE,FALSE,FALSE,NaN
Bychenko Alexei,ISR,2018,FS,13,CSSp3,2.6,0.29,2.89,FALSE,FALSE,FALSE,FALSE,NaN
Rippon Adam,USA,2018,FS,1,2A,3.3,0.57,3.87,TRUE,FALSE,FALSE,FALSE,NaN
Rippon Adam,USA,2018,FS,2,3F+3Lo,10.4,0.9,11.3,TRUE,FALSE,FALSE,FALSE,NaN
Rippon Adam,USA,2018,FS,3,2A,3.3,0.71,4.01,TRUE,FALSE,FALSE,FALSE,NaN
Rippon Adam,USA,2018,FS,4,FCSp4,3.2,1,4.2,FALSE,FALSE,FALSE,FALSE,NaN
Rippon Adam,USA,2018,FS,5,StSq4,3.9,1.4,5.3,FALSE,FALSE,FALSE,FALSE,NaN
Rippon Adam,USA,2018,FS,6,3A+2T+2Lo,11.33,-2,9.33,TRUE,FALSE,TRUE,FALSE,NaN
Rippon Adam,USA,2018,FS,7,3A,9.35,0.71,10.06,TRUE,FALSE,FALSE,FALSE,NaN
Rippon Adam,USA,2018,FS,8,3F+3T,10.56,0.7,11.26,TRUE,FALSE,FALSE,FALSE,NaN
Rippon Adam,USA,2018,FS,9,3S,4.84,0.4,5.24,TRUE,FALSE,FALSE,FALSE,NaN
Rippon Adam,USA,2018,FS,10,3Lz,6.6,0.5,7.1,TRUE,FALSE,FALSE,FALSE,NaN
Rippon Adam,USA,2018,FS,11,ChSq1,2,1.3,3.3,FALSE,FALSE,FALSE,FALSE,NaN
Rippon Adam,USA,2018,FS,12,FCCoSp4,3.5,1.21,4.71,FALSE,FALSE,FALSE,FALSE,NaN
Rippon Adam,USA,2018,FS,13,CCoSp4,3.5,1.29,4.79,FALSE,FALSE,FALSE,FALSE,NaN
Samohin Daniel,ISR,2018,FS,1,4T+3T,14.6,1.71,16.31,TRUE,TRUE,FALSE,FALSE,NaN
Samohin Daniel,ISR,2018,FS,2,4S,10.5,-0.51,9.99,TRUE,TRUE,FALSE,FALSE,NaN
Samohin Daniel,ISR,2018,FS,3,3A,8.5,1.71,10.21,TRUE,FALSE,FALSE,FALSE,NaN
Samohin Daniel,ISR,2018,FS,4,CCoSp4,3.5,0.64,4.14,FALSE,FALSE,FALSE,FALSE,NaN
Samohin Daniel,ISR,2018,FS,5,ChSq1,2,0.9,2.9,FALSE,FALSE,FALSE,FALSE,NaN
Samohin Daniel,ISR,2018,FS,6,3A+1Lo+3S,14.74,1,15.74,TRUE,FALSE,FALSE,FALSE,NaN
Samohin Daniel,ISR,2018,FS,7,2T,1.43,0.06,1.49,TRUE,FALSE,FALSE,FALSE,NaN
Samohin Daniel,ISR,2018,FS,8,3Lz+2T,8.03,0.4,8.43,TRUE,FALSE,FALSE,FALSE,NaN
Samohin Daniel,ISR,2018,FS,9,3Lo,5.61,-0.7,4.91,TRUE,FALSE,FALSE,FALSE,NaN
Samohin Daniel,ISR,2018,FS,10,2A,3.63,0.07,3.7,TRUE,FALSE,FALSE,FALSE,NaN
Samohin Daniel,ISR,2018,FS,11,StSq4,3.9,1.3,5.2,FALSE,FALSE,FALSE,FALSE,NaN
Samohin Daniel,ISR,2018,FS,12,FCSp4,3.2,0.14,3.34,FALSE,FALSE,FALSE,FALSE,NaN
Samohin Daniel,ISR,2018,FS,13,CSSp3,2.6,0.07,2.67,FALSE,FALSE,FALSE,FALSE,NaN
Messing Keegan,CAN,2018,FS,1,3Lz,6,1.5,7.5,TRUE,FALSE,FALSE,FALSE,NaN
Messing Keegan,CAN,2018,FS,2,4T,10.3,1.57,11.87,TRUE,TRUE,FALSE,FALSE,NaN
Messing Keegan,CAN,2018,FS,3,1A+2T+2Lo,4.2,0.09,4.29,TRUE,FALSE,FALSE,FALSE,NaN
Messing Keegan,CAN,2018,FS,4,FCCoSp4,3.5,1.21,4.71,FALSE,FALSE,FALSE,FALSE,NaN
Messing Keegan,CAN,2018,FS,5,StSq2,2.6,1,3.6,FALSE,FALSE,FALSE,FALSE,NaN
Messing Keegan,CAN,2018,FS,6,4T+2T,12.76,0.71,13.47,TRUE,TRUE,FALSE,FALSE,NaN
Messing Keegan,CAN,2018,FS,7,3S+3T,9.57,1.1,10.67,TRUE,FALSE,FALSE,FALSE,NaN
Messing Keegan,CAN,2018,FS,8,3A,9.35,2,11.35,TRUE,FALSE,FALSE,FALSE,NaN
Messing Keegan,CAN,2018,FS,9,FSSp4,3,1.21,4.21,FALSE,FALSE,FALSE,FALSE,NaN
Messing Keegan,CAN,2018,FS,10,2Lo,1.98,0,1.98,TRUE,FALSE,FALSE,FALSE,NaN
Messing Keegan,CAN,2018,FS,11,ChSq1,2,1.6,3.6,FALSE,FALSE,FALSE,FALSE,NaN
Messing Keegan,CAN,2018,FS,12,3F,4.07,-0.8,3.27,TRUE,FALSE,FALSE,FALSE,NaN
Messing Keegan,CAN,2018,FS,13,CCoSp4,3.5,0.86,4.36,FALSE,FALSE,FALSE,FALSE,NaN
Aliev Dmitri,OAR,2018,FS,1,4T+3T,14.6,1.57,16.17,TRUE,TRUE,FALSE,FALSE,NaN
Aliev Dmitri,OAR,2018,FS,2,4T,10.3,-4,6.3,TRUE,TRUE,FALSE,FALSE,NaN
Aliev Dmitri,OAR,2018,FS,3,3A,8.5,-3,5.5,TRUE,FALSE,FALSE,FALSE,NaN
Aliev Dmitri,OAR,2018,FS,4,FCSp3,2.8,0.64,3.44,FALSE,FALSE,FALSE,FALSE,NaN
Aliev Dmitri,OAR,2018,FS,5,ChSq1,2,1.2,3.2,FALSE,FALSE,FALSE,FALSE,NaN
Aliev Dmitri,OAR,2018,FS,6,3Lz,6.6,0.5,7.1,TRUE,FALSE,FALSE,FALSE,NaN
Aliev Dmitri,OAR,2018,FS,7,3A+2T,10.78,0.86,11.64,TRUE,FALSE,FALSE,FALSE,NaN
Aliev Dmitri,OAR,2018,FS,8,2Lo+1Lo+3S,7.37,0,7.37,TRUE,FALSE,FALSE,FALSE,NaN
Aliev Dmitri,OAR,2018,FS,9,3F,5.83,0.7,6.53,TRUE,FALSE,FALSE,FALSE,NaN
Aliev Dmitri,OAR,2018,FS,10,3Lo,5.61,0.7,6.31,TRUE,FALSE,FALSE,FALSE,NaN
Aliev Dmitri,OAR,2018,FS,11,StSq4,3.9,0.9,4.8,FALSE,FALSE,FALSE,FALSE,NaN
Aliev Dmitri,OAR,2018,FS,12,CCoSp4,3.5,0.5,4,FALSE,FALSE,FALSE,FALSE,NaN
Aliev Dmitri,OAR,2018,FS,13,CSSp3,2.6,0.43,3.03,FALSE,FALSE,FALSE,FALSE,NaN
Cha Junhwan,KOR,2018,FS,1,3Lz+3T,10.3,1,11.3,TRUE,FALSE,FALSE,FALSE,NaN
Cha Junhwan,KOR,2018,FS,2,4S,10.5,-4,6.5,TRUE,TRUE,FALSE,FALSE,NaN
Cha Junhwan,KOR,2018,FS,3,3A+2T,9.8,0.14,9.94,TRUE,FALSE,FALSE,FALSE,NaN
Cha Junhwan,KOR,2018,FS,4,FCSp3,2.8,0.5,3.3,FALSE,FALSE,FALSE,FALSE,NaN
Cha Junhwan,KOR,2018,FS,5,CSSp3,2.6,0.5,3.1,FALSE,FALSE,FALSE,FALSE,NaN
Cha Junhwan,KOR,2018,FS,6,3A,8.5,1.29,9.79,TRUE,FALSE,FALSE,FALSE,NaN
Cha Junhwan,KOR,2018,FS,7,3F+1Lo+3S,11.22,0.7,11.92,TRUE,FALSE,FALSE,FALSE,NaN
Cha Junhwan,KOR,2018,FS,8,2A,3.63,0.29,3.92,TRUE,FALSE,FALSE,FALSE,NaN
Cha Junhwan,KOR,2018,FS,9,ChSq1,2,1.1,3.1,FALSE,FALSE,FALSE,FALSE,NaN
Cha Junhwan,KOR,2018,FS,10,3F,5.83,1.2,7.03,TRUE,FALSE,FALSE,FALSE,NaN
Cha Junhwan,KOR,2018,FS,11,StSq4,3.9,0.7,4.6,FALSE,FALSE,FALSE,FALSE,NaN
Cha Junhwan,KOR,2018,FS,12,3Lo,5.61,0.9,6.51,TRUE,FALSE,FALSE,FALSE,NaN
Cha Junhwan,KOR,2018,FS,13,CCoSp3,3,0.93,3.93,FALSE,FALSE,FALSE,FALSE,NaN
Tanaka Keiji,JPN,2018,FS,1,4S,10.5,1.14,11.64,TRUE,TRUE,FALSE,FALSE,NaN
Tanaka Keiji,JPN,2018,FS,2,4S,7.35,-4,3.35,TRUE,TRUE,FALSE,FALSE,NaN
Tanaka Keiji,JPN,2018,FS,3,3A,8.5,1.57,10.07,TRUE,FALSE,FALSE,FALSE,NaN
Tanaka Keiji,JPN,2018,FS,4,CSSp4,3,0.64,3.64,FALSE,FALSE,FALSE,FALSE,NaN
Tanaka Keiji,JPN,2018,FS,5,StSq4,3.9,1,4.9,FALSE,FALSE,FALSE,FALSE,NaN
Tanaka Keiji,JPN,2018,FS,6,4T,11.33,-1.37,9.96,TRUE,TRUE,FALSE,FALSE,NaN
Tanaka Keiji,JPN,2018,FS,7,3A,6.55,-3,3.55,TRUE,FALSE,FALSE,FALSE,NaN
Tanaka Keiji,JPN,2018,FS,8,3F+3T,10.56,0.7,11.26,TRUE,FALSE,FALSE,FALSE,NaN
Tanaka Keiji,JPN,2018,FS,9,FCSp3,2.8,0.36,3.16,FALSE,FALSE,FALSE,FALSE,NaN
Tanaka Keiji,JPN,2018,FS,10,3Lo,5.61,0.6,6.21,TRUE,FALSE,FALSE,FALSE,NaN
Tanaka Keiji,JPN,2018,FS,11,3Lz+2T+2Lo,10.01,0.7,10.71,TRUE,FALSE,FALSE,FALSE,NaN
Tanaka Keiji,JPN,2018,FS,12,ChSq1,2,0.9,2.9,FALSE,FALSE,FALSE,FALSE,NaN
Tanaka Keiji,JPN,2018,FS,13,CCoSp4,3.5,0.79,4.29,FALSE,FALSE,FALSE,FALSE,NaN
Hendrickx Jorik,BEL,2018,FS,1,3A+2T,9.8,1,10.8,TRUE,FALSE,FALSE,FALSE,NaN
Hendrickx Jorik,BEL,2018,FS,2,3A,8.5,0.71,9.21,TRUE,FALSE,FALSE,FALSE,NaN
Hendrickx Jorik,BEL,2018,FS,3,3S,4.4,0.7,5.1,TRUE,FALSE,FALSE,FALSE,NaN
Hendrickx Jorik,BEL,2018,FS,4,CSSp4,3,0.86,3.86,FALSE,FALSE,FALSE,FALSE,NaN
Hendrickx Jorik,BEL,2018,FS,5,StSq4,3.9,1.2,5.1,FALSE,FALSE,FALSE,FALSE,NaN
Hendrickx Jorik,BEL,2018,FS,6,3Lz+2T+2Lo,10.01,0.1,10.11,TRUE,FALSE,FALSE,FALSE,NaN
Hendrickx Jorik,BEL,2018,FS,7,3Lz,6.6,0.5,7.1,TRUE,FALSE,FALSE,FALSE,NaN
Hendrickx Jorik,BEL,2018,FS,8,3F,5.83,0.5,6.33,TRUE,FALSE,FALSE,FALSE,NaN
Hendrickx Jorik,BEL,2018,FS,9,3Lo+2Lo,7.59,0.5,8.09,TRUE,FALSE,FALSE,FALSE,NaN
Hendrickx Jorik,BEL,2018,FS,10,2A,3.63,0.36,3.99,TRUE,FALSE,FALSE,FALSE,NaN
Hendrickx Jorik,BEL,2018,FS,11,FCSp4,3.2,1,4.2,FALSE,FALSE,FALSE,FALSE,NaN
Hendrickx Jorik,BEL,2018,FS,12,ChSq1,2,1.4,3.4,FALSE,FALSE,FALSE,FALSE,NaN
Hendrickx Jorik,BEL,2018,FS,13,CCoSp4,3.5,1,4.5,FALSE,FALSE,FALSE,FALSE,NaN
Ge Misha,UZB,2018,FS,1,3A,8.5,1,9.5,TRUE,FALSE,FALSE,FALSE,NaN
Ge Misha,UZB,2018,FS,2,3A+1Lo+2S,7.6,-1.71,5.89,TRUE,FALSE,TRUE,FALSE,NaN
Ge Misha,UZB,2018,FS,3,3F,5.3,1,6.3,TRUE,FALSE,FALSE,FALSE,NaN
Ge Misha,UZB,2018,FS,4,CCSp4,3.2,0.71,3.91,FALSE,FALSE,FALSE,FALSE,NaN
Ge Misha,UZB,2018,FS,5,StSq3,3.3,1,4.3,FALSE,FALSE,FALSE,FALSE,NaN
Ge Misha,UZB,2018,FS,6,FSSp3,2.6,0.57,3.17,FALSE,FALSE,FALSE,FALSE,NaN
Ge Misha,UZB,2018,FS,7,3Lz+3T,11.33,-0.5,10.83,TRUE,FALSE,FALSE,FALSE,NaN
Ge Misha,UZB,2018,FS,8,3Lz,6.6,0.4,7,TRUE,FALSE,FALSE,FALSE,NaN
Ge Misha,UZB,2018,FS,9,3Lo,5.61,0.8,6.41,TRUE,FALSE,FALSE,FALSE,NaN
Ge Misha,UZB,2018,FS,10,2A+2T,5.06,0.36,5.42,TRUE,FALSE,FALSE,FALSE,NaN
Ge Misha,UZB,2018,FS,11,2A,3.63,0.5,4.13,TRUE,FALSE,FALSE,FALSE,NaN
Ge Misha,UZB,2018,FS,12,ChSq1,2,2.1,4.1,FALSE,FALSE,FALSE,FALSE,NaN
Ge Misha,UZB,2018,FS,13,CCoSp4,3,1,4,FALSE,FALSE,FALSE,FALSE,NaN
Brezina Michal,CZE,2018,FS,1,4S,10.5,-2.23,8.27,TRUE,TRUE,FALSE,FALSE,NaN
Brezina Michal,CZE,2018,FS,2,3A+2T,9.8,1.14,10.94,TRUE,FALSE,FALSE,FALSE,NaN
Brezina Michal,CZE,2018,FS,3,2S,1.3,0,1.3,TRUE,FALSE,FALSE,FALSE,NaN
Brezina Michal,CZE,2018,FS,4,FSSp4,3,1,4,FALSE,FALSE,FALSE,FALSE,NaN
Brezina Michal,CZE,2018,FS,5,StSq3,3.3,0.93,4.23,FALSE,FALSE,FALSE,FALSE,NaN
Brezina Michal,CZE,2018,FS,6,3A,9.35,2,11.35,TRUE,FALSE,FALSE,FALSE,NaN
Brezina Michal,CZE,2018,FS,7,3Lo,5.61,1.1,6.71,TRUE,FALSE,FALSE,FALSE,NaN
Brezina Michal,CZE,2018,FS,8,3F+2T+2Lo,9.24,0.8,10.04,TRUE,FALSE,FALSE,FALSE,NaN
Brezina Michal,CZE,2018,FS,9,3Lz,6.6,0.2,6.8,TRUE,FALSE,FALSE,FALSE,NaN
Brezina Michal,CZE,2018,FS,10,3S,4.84,-1.5,3.34,TRUE,FALSE,FALSE,FALSE,NaN
Brezina Michal,CZE,2018,FS,11,ChSq1,2,1.1,3.1,FALSE,FALSE,FALSE,FALSE,NaN
Brezina Michal,CZE,2018,FS,12,FCCoSp4,3.5,0.5,4,FALSE,FALSE,FALSE,FALSE,NaN
Brezina Michal,CZE,2018,FS,13,CCoSp2,2,0.5,2.5,FALSE,FALSE,FALSE,FALSE,NaN
Rizzo Matteo,ITA,2018,FS,1,3F,5.3,0.6,5.9,TRUE,FALSE,FALSE,FALSE,NaN
Rizzo Matteo,ITA,2018,FS,2,3A+2T,9.8,1,10.8,TRUE,FALSE,FALSE,FALSE,NaN
Rizzo Matteo,ITA,2018,FS,3,3Lz+3T,10.3,0.1,10.4,TRUE,FALSE,FALSE,FALSE,NaN
Rizzo Matteo,ITA,2018,FS,4,FSSp4,3,0.57,3.57,FALSE,FALSE,FALSE,FALSE,NaN
Rizzo Matteo,ITA,2018,FS,5,ChSq1,2,0.7,2.7,FALSE,FALSE,FALSE,FALSE,NaN
Rizzo Matteo,ITA,2018,FS,6,3A,9.35,0.29,9.64,TRUE,FALSE,FALSE,FALSE,NaN
Rizzo Matteo,ITA,2018,FS,7,3Lz+1Lo+3S,11.99,0.4,12.39,TRUE,FALSE,FALSE,FALSE,NaN
Rizzo Matteo,ITA,2018,FS,8,3Lo,5.61,0.8,6.41,TRUE,FALSE,FALSE,FALSE,NaN
Rizzo Matteo,ITA,2018,FS,9,2A,3.63,0.5,4.13,TRUE,FALSE,FALSE,FALSE,NaN
Rizzo Matteo,ITA,2018,FS,10,CCSp4,3.2,0.5,3.7,FALSE,FALSE,FALSE,FALSE,NaN
Rizzo Matteo,ITA,2018,FS,11,2A,3.63,0.5,4.13,TRUE,FALSE,FALSE,FALSE,NaN
Rizzo Matteo,ITA,2018,FS,12,StSq3,3.3,0.5,3.8,FALSE,FALSE,FALSE,FALSE,NaN
Rizzo Matteo,ITA,2018,FS,13,CCoSp3,3,0.29,3.29,FALSE,FALSE,FALSE,FALSE,NaN
Vasiljevs Deniss,LAT,2018,FS,1,3A+3T,12.8,1,13.8,TRUE,FALSE,FALSE,FALSE,NaN
Vasiljevs Deniss,LAT,2018,FS,2,3A,8.5,-3,5.5,TRUE,FALSE,FALSE,FALSE,NaN
Vasiljevs Deniss,LAT,2018,FS,3,3S,4.4,0.9,5.3,TRUE,FALSE,FALSE,FALSE,NaN
Vasiljevs Deniss,LAT,2018,FS,4,StSq4,3.9,1,4.9,FALSE,FALSE,FALSE,FALSE,NaN
Vasiljevs Deniss,LAT,2018,FS,5,CCSp3,2.8,0.79,3.59,FALSE,FALSE,FALSE,FALSE,NaN
Vasiljevs Deniss,LAT,2018,FS,6,3Lo,5.61,0.9,6.51,TRUE,FALSE,FALSE,FALSE,NaN
Vasiljevs Deniss,LAT,2018,FS,7,3Lz+2T+2Lo,10.01,0.8,10.81,TRUE,FALSE,FALSE,FALSE,NaN
Vasiljevs Deniss,LAT,2018,FS,8,2A,3.63,-1.5,2.13,TRUE,FALSE,FALSE,FALSE,NaN
Vasiljevs Deniss,LAT,2018,FS,9,3F+2T,5.5,-0.7,4.8,TRUE,FALSE,TRUE,FALSE,NaN
Vasiljevs Deniss,LAT,2018,FS,10,3Lz,6.6,0.2,6.8,TRUE,FALSE,FALSE,FALSE,NaN
Vasiljevs Deniss,LAT,2018,FS,11,ChSq1,2,1.5,3.5,FALSE,FALSE,FALSE,FALSE,NaN
Vasiljevs Deniss,LAT,2018,FS,12,CCoSp4,3.5,0.71,4.21,FALSE,FALSE,FALSE,FALSE,NaN
Vasiljevs Deniss,LAT,2018,FS,13,FCCoSp4,3.5,1.07,4.57,FALSE,FALSE,FALSE,FALSE,NaN
Kerry Brendan,AUS,2018,FS,1,2T,1.3,0,1.3,TRUE,FALSE,FALSE,FALSE,NaN
Kerry Brendan,AUS,2018,FS,2,3S,4.4,0.8,5.2,TRUE,FALSE,FALSE,FALSE,NaN
Kerry Brendan,AUS,2018,FS,3,3F,5.3,0.5,5.8,TRUE,FALSE,FALSE,FALSE,NaN
Kerry Brendan,AUS,2018,FS,4,CCSp4,3.2,0.64,3.84,FALSE,FALSE,FALSE,FALSE,NaN
Kerry Brendan,AUS,2018,FS,5,ChSq1,2,0.8,2.8,FALSE,FALSE,FALSE,FALSE,NaN
Kerry Brendan,AUS,2018,FS,6,3Lz+3T,11.33,0.6,11.93,TRUE,FALSE,FALSE,FALSE,NaN
Kerry Brendan,AUS,2018,FS,7,3A,9.35,1.29,10.64,TRUE,FALSE,FALSE,FALSE,NaN
Kerry Brendan,AUS,2018,FS,8,3A+2T,10.78,-1.14,9.64,TRUE,FALSE,FALSE,FALSE,NaN
Kerry Brendan,AUS,2018,FS,9,3Lz,6.6,0,6.6,TRUE,FALSE,FALSE,FALSE,NaN
Kerry Brendan,AUS,2018,FS,10,3Lo,5.61,-1.4,4.21,TRUE,FALSE,FALSE,FALSE,NaN
Kerry Brendan,AUS,2018,FS,11,CCoSp4,3.5,0.43,3.93,FALSE,FALSE,FALSE,FALSE,NaN
Kerry Brendan,AUS,2018,FS,12,StSq3,3.3,0.57,3.87,FALSE,FALSE,FALSE,FALSE,NaN
Kerry Brendan,AUS,2018,FS,13,FSSp4,3,0.57,3.57,FALSE,FALSE,FALSE,FALSE,NaN
Fentz Paul,GER,2018,FS,1,3A+3T,12.8,1.86,14.66,TRUE,FALSE,FALSE,FALSE,NaN
Fentz Paul,GER,2018,FS,2,3T,4.3,0.8,5.1,TRUE,FALSE,FALSE,FALSE,NaN
Fentz Paul,GER,2018,FS,3,3Lo,5.1,0.7,5.8,TRUE,FALSE,FALSE,FALSE,NaN
Fentz Paul,GER,2018,FS,4,StSq2,2.6,0.36,2.96,FALSE,FALSE,FALSE,FALSE,NaN
Fentz Paul,GER,2018,FS,5,CCoSp4,3.5,0.14,3.64,FALSE,FALSE,FALSE,FALSE,NaN
Fentz Paul,GER,2018,FS,6,3A,9.35,-2,7.35,TRUE,FALSE,FALSE,FALSE,NaN
Fentz Paul,GER,2018,FS,7,3Lz,6.6,-0.7,5.9,TRUE,FALSE,FALSE,FALSE,NaN
Fentz Paul,GER,2018,FS,8,3S+1Lo+2F,7.48,0.7,8.18,TRUE,FALSE,FALSE,FALSE,NaN
Fentz Paul,GER,2018,FS,9,FCSp4,3.2,0.43,3.63,FALSE,FALSE,FALSE,FALSE,NaN
Fentz Paul,GER,2018,FS,10,2Lz+2T,3.74,0.04,3.78,TRUE,FALSE,FALSE,FALSE,NaN
Fentz Paul,GER,2018,FS,11,1A,1.21,-0.03,1.18,TRUE,FALSE,FALSE,FALSE,NaN
Fentz Paul,GER,2018,FS,12,CSSp2,2.3,0,2.3,FALSE,FALSE,FALSE,FALSE,NaN
Fentz Paul,GER,2018,FS,13,ChSq1,2,0.5,2.5,FALSE,FALSE,FALSE,FALSE,NaN
Yan Han,CHN,2018,FS,1,3A+2T,9.8,1.71,11.51,TRUE,FALSE,FALSE,FALSE,NaN
Yan Han,CHN,2018,FS,2,3T,4.3,-1.6,2.7,TRUE,FALSE,FALSE,FALSE,NaN
Yan Han,CHN,2018,FS,3,3F,5.3,-2.1,3.2,TRUE,FALSE,FALSE,FALSE,NaN
Yan Han,CHN,2018,FS,4,FCSp4,3.2,0.36,3.56,FALSE,FALSE,FALSE,FALSE,NaN
Yan Han,CHN,2018,FS,5,ChSq1,2,0.9,2.9,FALSE,FALSE,FALSE,FALSE,NaN
Yan Han,CHN,2018,FS,6,3Lz,6,1.1,7.1,TRUE,FALSE,FALSE,FALSE,NaN
Yan Han,CHN,2018,FS,7,3Lo,5.61,-0.7,4.91,TRUE,FALSE,FALSE,FALSE,NaN
Yan Han,CHN,2018,FS,8,1Lz,0.66,0,0.66,TRUE,FALSE,FALSE,FALSE,NaN
Yan Han,CHN,2018,FS,9,3S,4.84,0,4.84,TRUE,FALSE,FALSE,FALSE,NaN
Yan Han,CHN,2018,FS,10,3F,4.08,-1.5,2.58,TRUE,FALSE,FALSE,FALSE,NaN
Yan Han,CHN,2018,FS,11,CSSp3,2.6,0.5,3.1,FALSE,FALSE,FALSE,FALSE,NaN
Yan Han,CHN,2018,FS,12,StSq2,2.6,0.64,3.24,FALSE,FALSE,FALSE,FALSE,NaN
Yan Han,CHN,2018,FS,13,CCoSp4,3,0.5,3.5,FALSE,FALSE,FALSE,FALSE,NaN
Kvitelashvili Morisi,GEO,2018,FS,1,3A,8.5,0.71,9.21,TRUE,FALSE,FALSE,FALSE,NaN
Kvitelashvili Morisi,GEO,2018,FS,2,4S,10.5,-4,6.5,TRUE,TRUE,FALSE,FALSE,NaN
Kvitelashvili Morisi,GEO,2018,FS,3,4T,4.3,-2.1,2.2,TRUE,TRUE,TRUE,FALSE,NaN
Kvitelashvili Morisi,GEO,2018,FS,4,FCSp4,3.2,0.29,3.49,FALSE,FALSE,FALSE,FALSE,NaN
Kvitelashvili Morisi,GEO,2018,FS,5,StSq3,3.3,0.5,3.8,FALSE,FALSE,FALSE,FALSE,NaN
Kvitelashvili Morisi,GEO,2018,FS,6,4T,3.31,-2.1,1.21,TRUE,TRUE,TRUE,FALSE,NaN
Kvitelashvili Morisi,GEO,2018,FS,7,3F+3T,10.56,-1.2,9.36,TRUE,FALSE,FALSE,FALSE,NaN
Kvitelashvili Morisi,GEO,2018,FS,8,3Lo,5.61,0.6,6.21,TRUE,FALSE,FALSE,FALSE,NaN
Kvitelashvili Morisi,GEO,2018,FS,9,3F,5.83,-2.1,3.73,TRUE,FALSE,FALSE,FALSE,NaN
Kvitelashvili Morisi,GEO,2018,FS,10,2A+1Lo+3S,9.02,0.1,9.12,TRUE,FALSE,FALSE,FALSE,NaN
Kvitelashvili Morisi,GEO,2018,FS,11,CSSp2,2.3,-0.04,2.26,FALSE,FALSE,FALSE,FALSE,NaN
Kvitelashvili Morisi,GEO,2018,FS,12,ChSq1,2,0.4,2.4,FALSE,FALSE,FALSE,FALSE,NaN
Kvitelashvili Morisi,GEO,2018,FS,13,CCoSp4,3.5,0.36,3.86,FALSE,FALSE,FALSE,FALSE,NaN
Chen Nathan,USA,2022,FS,1,4F+3T,15.2,4.4,19.6,TRUE,TRUE,FALSE,FALSE,Gold
Chen Nathan,USA,2022,FS,2,4F,11,4.24,15.24,TRUE,TRUE,FALSE,FALSE,Gold
Chen Nathan,USA,2022,FS,3,4S,9.7,1.8,11.5,TRUE,TRUE,FALSE,FALSE,Gold
Chen Nathan,USA,2022,FS,4,CCSp4,3.2,0.96,4.16,FALSE,FALSE,FALSE,FALSE,Gold
Chen Nathan,USA,2022,FS,5,4Lz,11.5,4.93,16.43,TRUE,TRUE,FALSE,FALSE,Gold
Chen Nathan,USA,2022,FS,6,StSq4,3.9,1.62,5.52,FALSE,FALSE,FALSE,FALSE,Gold
Chen Nathan,USA,2022,FS,7,4T+1Eu+1F,11.55,1.63,13.18,TRUE,TRUE,FALSE,FALSE,Gold
Chen Nathan,USA,2022,FS,8,3A,8.8,2.17,10.97,TRUE,FALSE,FALSE,FALSE,Gold
Chen Nathan,USA,2022,FS,9,3Lz+3T,11.11,1.35,12.46,TRUE,FALSE,FALSE,FALSE,Gold
Chen Nathan,USA,2022,FS,10,CCoSp2V,1.88,0.64,2.52,FALSE,FALSE,FALSE,FALSE,Gold
Chen Nathan,USA,2022,FS,11,ChSq1,3,1.93,4.93,FALSE,FALSE,FALSE,FALSE,Gold
Chen Nathan,USA,2022,FS,12,FCCoSp4,3.5,1.4,4.9,FALSE,FALSE,FALSE,FALSE,Gold
Kagiyama Yuma,JPN,2022,FS,1,4S,9.7,4.43,14.13,TRUE,TRUE,FALSE,FALSE,Silver
Kagiyama Yuma,JPN,2022,FS,2,4Loq,10.5,-4.65,5.85,TRUE,TRUE,TRUE,FALSE,Silver
Kagiyama Yuma,JPN,2022,FS,3,4T,9.5,3.8,13.3,TRUE,TRUE,FALSE,FALSE,Silver
Kagiyama Yuma,JPN,2022,FS,4,3A+2T,9.3,2.74,12.04,TRUE,FALSE,FALSE,FALSE,Silver
Kagiyama Yuma,JPN,2022,FS,5,CSSp4,3,0.9,3.9,FALSE,FALSE,FALSE,FALSE,Silver
Kagiyama Yuma,JPN,2022,FS,6,StSq4,3.9,1.56,5.46,FALSE,FALSE,FALSE,FALSE,Silver
Kagiyama Yuma,JPN,2022,FS,7,4T+1Eu+2S,12.43,2.58,15.01,TRUE,TRUE,FALSE,FALSE,Silver
Kagiyama Yuma,JPN,2022,FS,8,3F+3Lo,11.22,1.97,13.19,TRUE,FALSE,FALSE,FALSE,Silver
Kagiyama Yuma,JPN,2022,FS,9,3A,8.8,1.83,10.63,TRUE,FALSE,FALSE,FALSE,Silver
Kagiyama Yuma,JPN,2022,FS,10,ChSq1,3,1.93,4.93,FALSE,FALSE,FALSE,FALSE,Silver
Kagiyama Yuma,JPN,2022,FS,11,CCoSp4,3.5,1.3,4.8,FALSE,FALSE,FALSE,FALSE,Silver
Kagiyama Yuma,JPN,2022,FS,12,FCCoSp4,3.5,1.25,4.75,FALSE,FALSE,FALSE,FALSE,Silver
Hanyu Yuzuru,JPN,2022,FS,1,4A,10,-5,5,TRUE,TRUE,TRUE,FALSE,NaN
Hanyu Yuzuru,JPN,2022,FS,2,4S,9.7,-4.85,4.85,TRUE,TRUE,FALSE,FALSE,NaN
Hanyu Yuzuru,JPN,2022,FS,3,3A+2T,9.3,2.4,11.7,TRUE,FALSE,FALSE,FALSE,NaN
Hanyu Yuzuru,JPN,2022,FS,4,3F,5.3,1.51,6.81,TRUE,FALSE,FALSE,FALSE,NaN
Hanyu Yuzuru,JPN,2022,FS,5,FCCoSp4,3.5,1,4.5,FALSE,FALSE,FALSE,FALSE,NaN
Hanyu Yuzuru,JPN,2022,FS,6,StSq4,3.9,1.67,5.57,FALSE,FALSE,FALSE,FALSE,NaN
Hanyu Yuzuru,JPN,2022,FS,7,4T+3T,15.07,2.44,17.51,TRUE,TRUE,FALSE,FALSE,NaN
Hanyu Yuzuru,JPN,2022,FS,8,4T+1Eu+3S,15.73,3.12,18.85,TRUE,TRUE,FALSE,FALSE,NaN
Hanyu Yuzuru,JPN,2022,FS,9,3A,8.8,3.2,12,TRUE,FALSE,FALSE,FALSE,NaN
Hanyu Yuzuru,JPN,2022,FS,10,ChSq1,3,2.14,5.14,FALSE,FALSE,FALSE,FALSE,NaN
Hanyu Yuzuru,JPN,2022,FS,11,FCSSp4,3,1.2,4.2,FALSE,FALSE,FALSE,FALSE,NaN
Hanyu Yuzuru,JPN,2022,FS,12,CCoSp4,2.63,0.86,3.49,FALSE,FALSE,FALSE,FALSE,NaN
Grassl Daniel,ITA,2022,FS,1,4Lz,11.5,0.82,12.32,TRUE,TRUE,FALSE,FALSE,NaN
Grassl Daniel,ITA,2022,FS,2,4F,11,2.67,13.67,TRUE,TRUE,FALSE,FALSE,NaN
Grassl Daniel,ITA,2022,FS,3,4Lo+1Eu+3S,15.3,1.8,17.1,TRUE,TRUE,FALSE,FALSE,NaN
Grassl Daniel,ITA,2022,FS,4,3A,8,1.71,9.71,TRUE,FALSE,FALSE,FALSE,NaN
Grassl Daniel,ITA,2022,FS,5,CSSp4,3,0.77,3.77,FALSE,FALSE,FALSE,FALSE,NaN
Grassl Daniel,ITA,2022,FS,6,3Lz+3T,11.11,1.1,12.21,TRUE,FALSE,FALSE,FALSE,NaN
Grassl Daniel,ITA,2022,FS,7,3F+3T,9.53,-0.45,9.08,TRUE,FALSE,TRUE,FALSE,NaN
Grassl Daniel,ITA,2022,FS,8,3Lz,6.49,1.1,7.59,TRUE,FALSE,FALSE,FALSE,NaN
Grassl Daniel,ITA,2022,FS,9,FCCoSp4,3.5,0.75,4.25,FALSE,FALSE,FALSE,FALSE,NaN
Grassl Daniel,ITA,2022,FS,10,StSq4,3.9,1.06,4.96,FALSE,FALSE,FALSE,FALSE,NaN
Grassl Daniel,ITA,2022,FS,11,ChSq1,3,1.14,4.14,FALSE,FALSE,FALSE,FALSE,NaN
Grassl Daniel,ITA,2022,FS,12,CCoSp4,3.5,1.05,4.55,FALSE,FALSE,FALSE,FALSE,NaN
Uno Shoma,JPN,2022,FS,1,4Lo,10.5,3.45,13.95,TRUE,TRUE,FALSE,FALSE,Bronze
Uno Shoma,JPN,2022,FS,2,4S,9.7,-2.77,6.93,TRUE,TRUE,FALSE,FALSE,Bronze
Uno Shoma,JPN,2022,FS,3,4F,11,-5.34,5.66,TRUE,TRUE,FALSE,FALSE,Bronze
Uno Shoma,JPN,2022,FS,4,3A,8,2.63,10.63,TRUE,FALSE,FALSE,FALSE,Bronze
Uno Shoma,JPN,2022,FS,5,FCSp4,3.2,0.96,4.16,FALSE,FALSE,FALSE,FALSE,Bronze
Uno Shoma,JPN,2022,FS,6,ChSq1,3,1.79,4.79,FALSE,FALSE,FALSE,FALSE,Bronze
Uno Shoma,JPN,2022,FS,7,4T,10.45,-0.95,9.5,TRUE,TRUE,FALSE,FALSE,Bronze
Uno Shoma,JPN,2022,FS,8,4T+2T,11.88,2.85,14.73,TRUE,TRUE,FALSE,FALSE,Bronze
Uno Shoma,JPN,2022,FS,9,3A+1Eu+1F,9.9,0.91,10.81,TRUE,FALSE,FALSE,FALSE,Bronze
Uno Shoma,JPN,2022,FS,10,FCCoSp4,3.5,1.1,4.6,FALSE,FALSE,FALSE,FALSE,Bronze
Uno Shoma,JPN,2022,FS,11,CCoSp4,3.5,1.3,4.8,FALSE,FALSE,FALSE,FALSE,Bronze
Uno Shoma,JPN,2022,FS,12,StSq4,3.9,1.78,5.68,FALSE,FALSE,FALSE,FALSE,Bronze
Brown Jason,USA,2022,FS,1,3F,5.3,2.35,7.65,TRUE,FALSE,FALSE,FALSE,NaN
Brown Jason,USA,2022,FS,2,3A+2T,9.3,2.17,11.47,TRUE,FALSE,FALSE,FALSE,NaN
Brown Jason,USA,2022,FS,3,3A,8,2.51,10.51,TRUE,FALSE,FALSE,FALSE,NaN
Brown Jason,USA,2022,FS,4,CCoSp4,3.5,1.45,4.95,FALSE,FALSE,FALSE,FALSE,NaN
Brown Jason,USA,2022,FS,5,3Lo,4.9,0.98,5.88,TRUE,FALSE,FALSE,FALSE,NaN
Brown Jason,USA,2022,FS,6,3F+3T,10.45,1.97,12.42,TRUE,FALSE,FALSE,FALSE,NaN
Brown Jason,USA,2022,FS,7,3Lz+1Eu+2S,8.47,1.18,9.65,TRUE,FALSE,FALSE,FALSE,NaN
Brown Jason,USA,2022,FS,8,ChSq1,3,2.5,5.5,FALSE,FALSE,FALSE,FALSE,NaN
Brown Jason,USA,2022,FS,9,2A,3.63,0.61,4.24,TRUE,FALSE,FALSE,FALSE,NaN
Brown Jason,USA,2022,FS,10,FCCoSp4,3.5,1.35,4.85,FALSE,FALSE,FALSE,FALSE,NaN
Brown Jason,USA,2022,FS,11,StSq4,3.9,1.84,5.74,FALSE,FALSE,FALSE,FALSE,NaN
Brown Jason,USA,2022,FS,12,CCSp4,3.2,1.6,4.8,FALSE,FALSE,FALSE,FALSE,NaN
Cha Junhwan,KOR,2022,FS,1,4T,7.6,-3.8,3.8,TRUE,TRUE,TRUE,FALSE,NaN
Cha Junhwan,KOR,2022,FS,2,4S,9.7,3.19,12.89,TRUE,TRUE,FALSE,FALSE,NaN
Cha Junhwan,KOR,2022,FS,3,3Lz+3Lo,10.8,1.77,12.57,TRUE,FALSE,FALSE,FALSE,NaN
Cha Junhwan,KOR,2022,FS,4,FCSp4,3.2,1.01,4.21,FALSE,FALSE,FALSE,FALSE,NaN
Cha Junhwan,KOR,2022,FS,5,StSq4,3.9,1.45,5.35,FALSE,FALSE,FALSE,FALSE,NaN
Cha Junhwan,KOR,2022,FS,6,3A+2T,9.3,1.83,11.13,TRUE,FALSE,FALSE,FALSE,NaN
Cha Junhwan,KOR,2022,FS,7,3A,8.8,1.94,10.74,TRUE,FALSE,FALSE,FALSE,NaN
Cha Junhwan,KOR,2022,FS,8,3Lz+1Eu+3S,11.77,0.42,12.19,TRUE,FALSE,FALSE,FALSE,NaN
Cha Junhwan,KOR,2022,FS,9,3F,5.83,1.36,7.19,TRUE,FALSE,FALSE,FALSE,NaN
Cha Junhwan,KOR,2022,FS,10,ChSq1,3,2.29,5.29,FALSE,FALSE,FALSE,FALSE,NaN
Cha Junhwan,KOR,2022,FS,11,CSSp4,3,0.99,3.99,FALSE,FALSE,FALSE,FALSE,NaN
Cha Junhwan,KOR,2022,FS,12,CCoSp3,3,1.24,4.24,FALSE,FALSE,FALSE,FALSE,NaN
Jin Boyang,CHN,2022,FS,1,4Lz,11.5,4.11,15.61,TRUE,TRUE,FALSE,FALSE,NaN
Jin Boyang,CHN,2022,FS,2,4T+2T,10.8,2.04,12.84,TRUE,TRUE,FALSE,FALSE,NaN
Jin Boyang,CHN,2022,FS,3,3A+1Eu+3S,12.8,1.71,14.51,TRUE,FALSE,FALSE,FALSE,NaN
Jin Boyang,CHN,2022,FS,4,FCSp4,3.2,0.64,3.84,FALSE,FALSE,FALSE,FALSE,NaN
Jin Boyang,CHN,2022,FS,5,4T,9.5,1.76,11.26,TRUE,TRUE,FALSE,FALSE,NaN
Jin Boyang,CHN,2022,FS,6,3Lz+2T,7.92,0.17,8.09,TRUE,FALSE,FALSE,FALSE,NaN
Jin Boyang,CHN,2022,FS,7,3A,8.8,1.03,9.83,TRUE,FALSE,FALSE,FALSE,NaN
Jin Boyang,CHN,2022,FS,8,3F,5.83,-1.67,4.16,TRUE,FALSE,FALSE,FALSE,NaN
Jin Boyang,CHN,2022,FS,9,CSSp4,3,0.6,3.6,FALSE,FALSE,FALSE,FALSE,NaN
Jin Boyang,CHN,2022,FS,10,StSq4,3.9,1,4.9,FALSE,FALSE,FALSE,FALSE,NaN
Jin Boyang,CHN,2022,FS,11,ChSq1,3,1.14,4.14,FALSE,FALSE,FALSE,FALSE,NaN
Jin Boyang,CHN,2022,FS,12,CCoSp4,3.5,0.95,4.45,FALSE,FALSE,FALSE,FALSE,NaN
Semenenko Evgeni,ROC,2022,FS,1,4T,9.5,-4.21,5.29,TRUE,TRUE,FALSE,FALSE,NaN
Semenenko Evgeni,ROC,2022,FS,2,4S,9.7,2.63,12.33,TRUE,TRUE,FALSE,FALSE,NaN
Semenenko Evgeni,ROC,2022,FS,3,4T+3T,13.7,2.58,16.28,TRUE,TRUE,FALSE,FALSE,NaN
Semenenko Evgeni,ROC,2022,FS,4,3F+2T,6.6,-0.08,6.52,TRUE,FALSE,FALSE,FALSE,NaN
Semenenko Evgeni,ROC,2022,FS,5,CCoSp4,3.5,0.6,4.1,FALSE,FALSE,FALSE,FALSE,NaN
Semenenko Evgeni,ROC,2022,FS,6,3A+1Eu+3S,14.08,2.4,16.48,TRUE,FALSE,FALSE,FALSE,NaN
Semenenko Evgeni,ROC,2022,FS,7,3A,8.8,2.17,10.97,TRUE,FALSE,FALSE,FALSE,NaN
Semenenko Evgeni,ROC,2022,FS,8,StSq4,3.9,0.84,4.74,FALSE,FALSE,FALSE,FALSE,NaN
Semenenko Evgeni,ROC,2022,FS,9,ChSq1,3,1.36,4.36,FALSE,FALSE,FALSE,FALSE,NaN
Semenenko Evgeni,ROC,2022,FS,10,3Lo,5.39,0.91,6.3,TRUE,FALSE,FALSE,FALSE,NaN
Semenenko Evgeni,ROC,2022,FS,11,CSSp4,3,0.69,3.69,FALSE,FALSE,FALSE,FALSE,NaN
Semenenko Evgeni,ROC,2022,FS,12,FCSp4,3.2,0.55,3.75,FALSE,FALSE,FALSE,FALSE,NaN
Messing Keegan,CAN,2022,FS,1,4T+2T,10.8,2.85,13.65,TRUE,TRUE,FALSE,FALSE,NaN
Messing Keegan,CAN,2022,FS,2,3T,4.2,0.96,5.16,TRUE,FALSE,FALSE,FALSE,NaN
Messing Keegan,CAN,2022,FS,3,3A+1Eu+2S,9.8,0.11,9.91,TRUE,FALSE,FALSE,FALSE,NaN
Messing Keegan,CAN,2022,FS,4,3Lo,4.9,1.26,6.16,TRUE,FALSE,FALSE,FALSE,NaN
Messing Keegan,CAN,2022,FS,5,FSSp2,2.3,0.85,3.15,FALSE,FALSE,FALSE,FALSE,NaN
Messing Keegan,CAN,2022,FS,6,StSq2,2.6,0.67,3.27,FALSE,FALSE,FALSE,FALSE,NaN
Messing Keegan,CAN,2022,FS,7,3A,8.8,2.51,11.31,TRUE,FALSE,FALSE,FALSE,NaN
Messing Keegan,CAN,2022,FS,8,3Lz+3T,11.11,1.6,12.71,TRUE,FALSE,FALSE,FALSE,NaN
Messing Keegan,CAN,2022,FS,9,FCCoSp4,3.5,1.05,4.55,FALSE,FALSE,FALSE,FALSE,NaN
Messing Keegan,CAN,2022,FS,10,3F,5.83,-1.44,4.39,TRUE,FALSE,FALSE,FALSE,NaN
Messing Keegan,CAN,2022,FS,11,ChSq1,3,2.07,5.07,FALSE,FALSE,FALSE,FALSE,NaN
Messing Keegan,CAN,2022,FS,12,CCoSp4,3.5,1.3,4.8,FALSE,FALSE,FALSE,FALSE,NaN
Kvitelashvili Morisi,GEO,2022,FS,1,4S+2T,11,0.42,11.42,TRUE,TRUE,FALSE,FALSE,NaN
Kvitelashvili Morisi,GEO,2022,FS,2,3A,8,2.17,10.17,TRUE,FALSE,FALSE,FALSE,NaN
Kvitelashvili Morisi,GEO,2022,FS,3,4T,9.5,-3.26,6.24,TRUE,TRUE,FALSE,FALSE,NaN
Kvitelashvili Morisi,GEO,2022,FS,4,3Lo,4.9,1.26,6.16,TRUE,FALSE,FALSE,FALSE,NaN
Kvitelashvili Morisi,GEO,2022,FS,5,FCSp4,3.2,0.59,3.79,FALSE,FALSE,FALSE,FALSE,NaN
Kvitelashvili Morisi,GEO,2022,FS,6,StSq4,3.9,1,4.9,FALSE,FALSE,FALSE,FALSE,NaN
Kvitelashvili Morisi,GEO,2022,FS,7,4T+3T,15.07,1.09,16.16,TRUE,TRUE,FALSE,FALSE,NaN
Kvitelashvili Morisi,GEO,2022,FS,8,2F+1Eu+3S,7.26,0.12,7.38,TRUE,FALSE,FALSE,FALSE,NaN
Kvitelashvili Morisi,GEO,2022,FS,9,3F,5.83,0.83,6.66,TRUE,FALSE,FALSE,FALSE,NaN
Kvitelashvili Morisi,GEO,2022,FS,10,FCCoSp4,3.5,0.9,4.4,FALSE,FALSE,FALSE,FALSE,NaN
Kvitelashvili Morisi,GEO,2022,FS,11,ChSq1,3,1.29,4.29,FALSE,FALSE,FALSE,FALSE,NaN
Kvitelashvili Morisi,GEO,2022,FS,12,CCoSp4,3.5,0.85,4.35,FALSE,FALSE,FALSE,FALSE,NaN
Vasiljevs Deniss,LAT,2022,FS,1,4S,7.76,-3.88,3.88,TRUE,TRUE,TRUE,FALSE,NaN
Vasiljevs Deniss,LAT,2022,FS,2,3A+2T,9.3,1.71,11.01,TRUE,FALSE,FALSE,FALSE,NaN
Vasiljevs Deniss,LAT,2022,FS,3,3A,8,1.6,9.6,TRUE,FALSE,FALSE,FALSE,NaN
Vasiljevs Deniss,LAT,2022,FS,4,3Lo,4.9,1.19,6.09,TRUE,FALSE,FALSE,FALSE,NaN
Vasiljevs Deniss,LAT,2022,FS,5,StSq4,3.9,1.17,5.07,FALSE,FALSE,FALSE,FALSE,NaN
Vasiljevs Deniss,LAT,2022,FS,6,FSSp4,3,0.9,3.9,FALSE,FALSE,FALSE,FALSE,NaN
Vasiljevs Deniss,LAT,2022,FS,7,3F+3T,10.45,-0.08,10.37,TRUE,FALSE,FALSE,FALSE,NaN
Vasiljevs Deniss,LAT,2022,FS,8,3Lz+1Eu+3S,11.77,1.77,13.54,TRUE,FALSE,FALSE,FALSE,NaN
Vasiljevs Deniss,LAT,2022,FS,9,3Lz,6.49,1.43,7.92,TRUE,FALSE,FALSE,FALSE,NaN
Vasiljevs Deniss,LAT,2022,FS,10,ChSq1,3,1.57,4.57,FALSE,FALSE,FALSE,FALSE,NaN
Vasiljevs Deniss,LAT,2022,FS,11,CCoSp4,3.5,0.95,4.45,FALSE,FALSE,FALSE,FALSE,NaN
Vasiljevs Deniss,LAT,2022,FS,12,FCCoSp4,3.5,0.85,4.35,FALSE,FALSE,FALSE,FALSE,NaN
Siao Him Fa Adam,FRA,2022,FS,1,4T,9.5,2.85,12.35,TRUE,TRUE,FALSE,FALSE,NaN
Siao Him Fa Adam,FRA,2022,FS,2,3A,8,2.06,10.06,TRUE,FALSE,FALSE,FALSE,NaN
Siao Him Fa Adam,FRA,2022,FS,3,4S,9.7,-2.91,6.79,TRUE,TRUE,FALSE,FALSE,NaN
Siao Him Fa Adam,FRA,2022,FS,4,4T,6.65,-4.75,1.9,TRUE,TRUE,FALSE,FALSE,NaN
Siao Him Fa Adam,FRA,2022,FS,5,CSSp3,2.6,0.56,3.16,FALSE,FALSE,FALSE,FALSE,NaN
Siao Him Fa Adam,FRA,2022,FS,6,3Lz+1Eu+3S,11.77,1.01,12.78,TRUE,FALSE,FALSE,FALSE,NaN
Siao Him Fa Adam,FRA,2022,FS,7,3Lz+3T,11.11,1.1,12.21,TRUE,FALSE,FALSE,FALSE,NaN
Siao Him Fa Adam,FRA,2022,FS,8,3F,5.83,-0.45,5.38,TRUE,FALSE,FALSE,FALSE,NaN
Siao Him Fa Adam,FRA,2022,FS,9,FCCoSp3,3,0.43,3.43,FALSE,FALSE,FALSE,FALSE,NaN
Siao Him Fa Adam,FRA,2022,FS,10,StSq4,3.9,1.17,5.07,FALSE,FALSE,FALSE,FALSE,NaN
Siao Him Fa Adam,FRA,2022,FS,11,ChSq1,3,1.36,4.36,FALSE,FALSE,FALSE,FALSE,NaN
Siao Him Fa Adam,FRA,2022,FS,12,CCoSp4,3.5,0.7,4.2,FALSE,FALSE,FALSE,FALSE,NaN
Kondratiuk Mark,ROC,2022,FS,1,4T,9.5,2.85,12.35,TRUE,TRUE,FALSE,FALSE,NaN
Kondratiuk Mark,ROC,2022,FS,2,3A,8,-2.4,5.6,TRUE,FALSE,FALSE,FALSE,NaN
Kondratiuk Mark,ROC,2022,FS,3,1A,1.1,0,1.1,TRUE,FALSE,FALSE,FALSE,NaN
Kondratiuk Mark,ROC,2022,FS,4,3Lo,4.9,0.7,5.6,TRUE,FALSE,FALSE,FALSE,NaN
Kondratiuk Mark,ROC,2022,FS,5,FCSp4,3.2,0.5,3.7,FALSE,FALSE,FALSE,FALSE,NaN
Kondratiuk Mark,ROC,2022,FS,6,4S+2T,12.1,2.08,14.18,TRUE,TRUE,FALSE,FALSE,NaN
Kondratiuk Mark,ROC,2022,FS,7,4S+1Eu+3S,15.95,-4.85,11.1,TRUE,TRUE,TRUE,FALSE,NaN
Kondratiuk Mark,ROC,2022,FS,8,3Lz+2T,7.92,1.01,8.93,TRUE,FALSE,FALSE,FALSE,NaN
Kondratiuk Mark,ROC,2022,FS,9,CSSp4,3,0.73,3.73,FALSE,FALSE,FALSE,FALSE,NaN
Kondratiuk Mark,ROC,2022,FS,10,StSq4,3.9,1.06,4.96,FALSE,FALSE,FALSE,FALSE,NaN
Kondratiuk Mark,ROC,2022,FS,11,CCoSp4,3.5,0.9,4.4,FALSE,FALSE,FALSE,FALSE,NaN
Kondratiuk Mark,ROC,2022,FS,12,ChSq1,3,1.5,4.5,FALSE,FALSE,FALSE,FALSE,NaN
Aymoz Kevin,FRA,2022,FS,1,4T,7.6,-3.8,3.8,TRUE,TRUE,TRUE,FALSE,NaN
Aymoz Kevin,FRA,2022,FS,2,3T,4.2,0.96,5.16,TRUE,FALSE,FALSE,FALSE,NaN
Aymoz Kevin,FRA,2022,FS,3,3A+2T,9.3,1.71,11.01,TRUE,FALSE,FALSE,FALSE,NaN
Aymoz Kevin,FRA,2022,FS,4,3Lo,4.9,0.84,5.74,TRUE,FALSE,FALSE,FALSE,NaN
Aymoz Kevin,FRA,2022,FS,5,CCSp4,3.2,0.96,4.16,FALSE,FALSE,FALSE,FALSE,NaN
Aymoz Kevin,FRA,2022,FS,6,3A,8.8,2.74,11.54,TRUE,FALSE,FALSE,FALSE,NaN
Aymoz Kevin,FRA,2022,FS,7,3Lz,6.49,1.35,7.84,TRUE,FALSE,FALSE,FALSE,NaN
Aymoz Kevin,FRA,2022,FS,8,3F+1Eu+3S,11.11,-1.51,9.6,TRUE,FALSE,FALSE,FALSE,NaN
Aymoz Kevin,FRA,2022,FS,9,ChSq1,3,1.36,4.36,FALSE,FALSE,FALSE,FALSE,NaN
Aymoz Kevin,FRA,2022,FS,10,FSSp4,3,0.64,3.64,FALSE,FALSE,FALSE,FALSE,NaN
Aymoz Kevin,FRA,2022,FS,11,CCoSp4,3.5,0.9,4.4,FALSE,FALSE,FALSE,FALSE,NaN
Aymoz Kevin,FRA,2022,FS,12,StSq4,3.9,1.45,5.35,FALSE,FALSE,FALSE,FALSE,NaN
Kerry Brendan,AUS,2022,FS,1,4T,9.5,0.81,10.31,TRUE,TRUE,FALSE,FALSE,NaN
Kerry Brendan,AUS,2022,FS,2,3S,4.3,0.86,5.16,TRUE,FALSE,FALSE,FALSE,NaN
Kerry Brendan,AUS,2022,FS,3,3A+2T,9.3,1.71,11.01,TRUE,FALSE,FALSE,FALSE,NaN
Kerry Brendan,AUS,2022,FS,4,3F,5.3,0.68,5.98,TRUE,FALSE,FALSE,FALSE,NaN
Kerry Brendan,AUS,2022,FS,5,CCSp4,3.2,0.23,3.43,FALSE,FALSE,FALSE,FALSE,NaN
Kerry Brendan,AUS,2022,FS,6,StSq4,3.9,0.56,4.46,FALSE,FALSE,FALSE,FALSE,NaN
Kerry Brendan,AUS,2022,FS,7,3Lz+3T,11.11,1.18,12.29,TRUE,FALSE,FALSE,FALSE,NaN
Kerry Brendan,AUS,2022,FS,8,3A,8.8,1.83,10.63,TRUE,FALSE,FALSE,FALSE,NaN
Kerry Brendan,AUS,2022,FS,9,3Lz+2T,7.92,0.93,8.85,TRUE,FALSE,FALSE,FALSE,NaN
Kerry Brendan,AUS,2022,FS,10,CCoSp4,3.5,0.55,4.05,FALSE,FALSE,FALSE,FALSE,NaN
Kerry Brendan,AUS,2022,FS,11,ChSq1,3,1,4,FALSE,FALSE,FALSE,FALSE,NaN
Kerry Brendan,AUS,2022,FS,12,FSSp4,3,0.34,3.34,FALSE,FALSE,FALSE,FALSE,NaN
Rizzo Matteo,ITA,2022,FS,1,3T+2T,5.5,0.84,6.34,TRUE,FALSE,FALSE,FALSE,NaN
Rizzo Matteo,ITA,2022,FS,2,3F,5.3,0.3,5.6,TRUE,FALSE,FALSE,FALSE,NaN
Rizzo Matteo,ITA,2022,FS,3,3Lo,4.9,0.56,5.46,TRUE,FALSE,FALSE,FALSE,NaN
Rizzo Matteo,ITA,2022,FS,4,3Lz+3T,10.1,1.18,11.28,TRUE,FALSE,FALSE,FALSE,NaN
Rizzo Matteo,ITA,2022,FS,5,CCoSp4,3.5,0.75,4.25,FALSE,FALSE,FALSE,FALSE,NaN
Rizzo Matteo,ITA,2022,FS,6,ChSq1,3,1.07,4.07,FALSE,FALSE,FALSE,FALSE,NaN
Rizzo Matteo,ITA,2022,FS,7,3A+1Eu+3S,14.08,-0.46,13.62,TRUE,FALSE,FALSE,FALSE,NaN
Rizzo Matteo,ITA,2022,FS,8,2A,3.63,0.57,4.2,TRUE,FALSE,FALSE,FALSE,NaN
Rizzo Matteo,ITA,2022,FS,9,3A,8.8,1.49,10.29,TRUE,FALSE,FALSE,FALSE,NaN
Rizzo Matteo,ITA,2022,FS,10,CCSp3,2.8,0.36,3.16,FALSE,FALSE,FALSE,FALSE,NaN
Rizzo Matteo,ITA,2022,FS,11,StSq4,3.9,1.11,5.01,FALSE,FALSE,FALSE,FALSE,NaN
Rizzo Matteo,ITA,2022,FS,12,FSSp4,3,0.64,3.64,FALSE,FALSE,FALSE,FALSE,NaN
Mozalev Andrei,ROC,2022,FS,1,4S,9.7,-4.85,4.85,TRUE,TRUE,FALSE,FALSE,NaN
Mozalev Andrei,ROC,2022,FS,2,4T+3T,13.7,2.04,15.74,TRUE,TRUE,FALSE,FALSE,NaN
Mozalev Andrei,ROC,2022,FS,3,3Lo,4.9,0.98,5.88,TRUE,FALSE,FALSE,FALSE,NaN
Mozalev Andrei,ROC,2022,FS,4,3A+2T,9.3,0.34,9.64,TRUE,FALSE,FALSE,FALSE,NaN
Mozalev Andrei,ROC,2022,FS,5,FCSp4,3.2,0.73,3.93,FALSE,FALSE,FALSE,FALSE,NaN
Mozalev Andrei,ROC,2022,FS,6,ChSq1,3,1,4,FALSE,FALSE,FALSE,FALSE,NaN
Mozalev Andrei,ROC,2022,FS,7,4T,8.36,-3.8,4.56,TRUE,TRUE,TRUE,FALSE,NaN
Mozalev Andrei,ROC,2022,FS,8,3A,8.8,-0.8,8,TRUE,FALSE,FALSE,FALSE,NaN
Mozalev Andrei,ROC,2022,FS,9,3Lz+1Eu+3S,11.77,1.1,12.87,TRUE,FALSE,FALSE,FALSE,NaN
Mozalev Andrei,ROC,2022,FS,10,StSq3,3.3,0.61,3.91,FALSE,FALSE,FALSE,FALSE,NaN
Mozalev Andrei,ROC,2022,FS,11,CSSp4,3,0.56,3.56,FALSE,FALSE,FALSE,FALSE,NaN
Mozalev Andrei,ROC,2022,FS,12,CCoSp3,2.25,0.29,2.54,FALSE,FALSE,FALSE,FALSE,NaN
Litvintsev Vladimir,AZE,2022,FS,1,4T+3T,13.7,1.22,14.92,TRUE,TRUE,FALSE,FALSE,NaN
Litvintsev Vladimir,AZE,2022,FS,2,4T,9.5,1.49,10.99,TRUE,TRUE,FALSE,FALSE,NaN
Litvintsev Vladimir,AZE,2022,FS,3,3A+2T,9.3,0.23,9.53,TRUE,FALSE,FALSE,FALSE,NaN
Litvintsev Vladimir,AZE,2022,FS,4,3Lo,4.9,0.77,5.67,TRUE,FALSE,FALSE,FALSE,NaN
Litvintsev Vladimir,AZE,2022,FS,5,FCSp4,3.2,0.32,3.52,FALSE,FALSE,FALSE,FALSE,NaN
Litvintsev Vladimir,AZE,2022,FS,6,ChSq1,3,0.71,3.71,FALSE,FALSE,FALSE,FALSE,NaN
Litvintsev Vladimir,AZE,2022,FS,7,3A,8.8,-1.26,7.54,TRUE,FALSE,FALSE,FALSE,NaN
Litvintsev Vladimir,AZE,2022,FS,8,3F,5.83,-1.59,4.24,TRUE,FALSE,FALSE,FALSE,NaN
Litvintsev Vladimir,AZE,2022,FS,9,CSSp3,2.6,0.48,3.08,FALSE,FALSE,FALSE,FALSE,NaN
Litvintsev Vladimir,AZE,2022,FS,10,StSq3,3.3,0.42,3.72,FALSE,FALSE,FALSE,FALSE,NaN
Litvintsev Vladimir,AZE,2022,FS,11,3Lz+1Eu+3S,11.77,0,11.77,TRUE,FALSE,FALSE,FALSE,NaN
Litvintsev Vladimir,AZE,2022,FS,12,CCoSp2,1.88,0.19,2.07,FALSE,FALSE,FALSE,FALSE,NaN
Milyukov Konstantin,BLR,2022,FS,1,4S,9.7,1.94,11.64,TRUE,TRUE,FALSE,FALSE,NaN
Milyukov Konstantin,BLR,2022,FS,2,3Lz+2T,7.2,0.17,7.37,TRUE,FALSE,FALSE,FALSE,NaN
Milyukov Konstantin,BLR,2022,FS,3,3A,8,1.37,9.37,TRUE,FALSE,FALSE,FALSE,NaN
Milyukov Konstantin,BLR,2022,FS,4,3F,5.3,0.76,6.06,TRUE,FALSE,FALSE,FALSE,NaN
Milyukov Konstantin,BLR,2022,FS,5,CSSp3,2.6,0.11,2.71,FALSE,FALSE,FALSE,FALSE,NaN
Milyukov Konstantin,BLR,2022,FS,6,StSq3,3.3,0.42,3.72,FALSE,FALSE,FALSE,FALSE,NaN
Milyukov Konstantin,BLR,2022,FS,7,3A+2T,10.23,-2.4,7.83,TRUE,FALSE,FALSE,FALSE,NaN
Milyukov Konstantin,BLR,2022,FS,8,2Lz+1Eu+3S,7.59,0.25,7.84,TRUE,FALSE,FALSE,FALSE,NaN
Milyukov Konstantin,BLR,2022,FS,9,3Lo,5.39,0.42,5.81,TRUE,FALSE,FALSE,FALSE,NaN
Milyukov Konstantin,BLR,2022,FS,10,FCCoSp3,3,-0.3,2.7,FALSE,FALSE,FALSE,FALSE,NaN
Milyukov Konstantin,BLR,2022,FS,11,ChSq1,3,0.21,3.21,FALSE,FALSE,FALSE,FALSE,NaN
Milyukov Konstantin,BLR,2022,FS,12,CCoSp3,3,0.09,3.09,FALSE,FALSE,FALSE,FALSE,NaN
Majorov Nikolaj,SWE,2022,FS,1,3A+2T,9.3,2.17,11.47,TRUE,FALSE,FALSE,FALSE,NaN
Majorov Nikolaj,SWE,2022,FS,2,3Lz,5.9,-0.42,5.48,TRUE,FALSE,FALSE,FALSE,NaN
Majorov Nikolaj,SWE,2022,FS,3,3A,8,0,8,TRUE,FALSE,FALSE,FALSE,NaN
Majorov Nikolaj,SWE,2022,FS,4,3Lo,4.9,-1.61,3.29,TRUE,FALSE,FALSE,FALSE,NaN
Majorov Nikolaj,SWE,2022,FS,5,FCCoSp4,3.5,0.8,4.3,FALSE,FALSE,FALSE,FALSE,NaN
Majorov Nikolaj,SWE,2022,FS,6,ChSq1,3,1,4,FALSE,FALSE,FALSE,FALSE,NaN
Majorov Nikolaj,SWE,2022,FS,7,2A+1Eu+3S,8.91,-0.55,8.36,TRUE,FALSE,FALSE,FALSE,NaN
Majorov Nikolaj,SWE,2022,FS,8,3F,5.83,1.06,6.89,TRUE,FALSE,FALSE,FALSE,NaN
Majorov Nikolaj,SWE,2022,FS,9,3Lz+REP,4.54,0.93,5.47,TRUE,FALSE,FALSE,FALSE,NaN
Majorov Nikolaj,SWE,2022,FS,10,StSq3,3.3,0.52,3.82,FALSE,FALSE,FALSE,FALSE,NaN
Majorov Nikolaj,SWE,2022,FS,11,CSSp3,2.6,0.41,3.01,FALSE,FALSE,FALSE,FALSE,NaN
Majorov Nikolaj,SWE,2022,FS,12,CCoSp3,3,0.51,3.51,FALSE,FALSE,FALSE,FALSE,NaN
Carrillo Donovan,MEX,2022,FS,1,4T,9.5,-1.22,8.28,TRUE,TRUE,FALSE,FALSE,NaN
Carrillo Donovan,MEX,2022,FS,2,3A,8,1.03,9.03,TRUE,FALSE,FALSE,FALSE,NaN
Carrillo Donovan,MEX,2022,FS,3,3Lo,4.9,-0.56,4.34,TRUE,FALSE,FALSE,FALSE,NaN
Carrillo Donovan,MEX,2022,FS,4,3F+1Eu+3S,10.1,-0.68,9.42,TRUE,FALSE,FALSE,FALSE,NaN
Carrillo Donovan,MEX,2022,FS,5,FCCoSp4,3.5,0.5,4,FALSE,FALSE,FALSE,FALSE,NaN
Carrillo Donovan,MEX,2022,FS,6,ChSq1,3,0.71,3.71,FALSE,FALSE,FALSE,FALSE,NaN
Carrillo Donovan,MEX,2022,FS,7,3Lz+3T<,10.19,-2.44,7.75,TRUE,FALSE,TRUE,FALSE,NaN
Carrillo Donovan,MEX,2022,FS,8,3F,5.83,-1.74,4.09,TRUE,FALSE,FALSE,FALSE,NaN
Carrillo Donovan,MEX,2022,FS,9,3Lz,6.49,-2.95,3.54,TRUE,FALSE,FALSE,FALSE,NaN
Carrillo Donovan,MEX,2022,FS,10,StSq4,3.9,0.84,4.74,FALSE,FALSE,FALSE,FALSE,NaN
Carrillo Donovan,MEX,2022,FS,11,CCoSp4,3.5,0.65,4.15,FALSE,FALSE,FALSE,FALSE,NaN
Carrillo Donovan,MEX,2022,FS,12,CSSp4,3,0.51,3.51,FALSE,FALSE,FALSE,FALSE,NaN
Britschgi Lukas,SUI,2022,FS,1,4T+2T,10.8,1.09,11.89,TRUE,TRUE,FALSE,FALSE,NaN
Britschgi Lukas,SUI,2022,FS,2,2T,1.3,-0.07,1.23,TRUE,FALSE,FALSE,FALSE,NaN
Britschgi Lukas,SUI,2022,FS,3,3A+2T*,8,0.46,8.46,TRUE,FALSE,FALSE,FALSE,NaN
Britschgi Lukas,SUI,2022,FS,4,3Lo,4.9,0.77,5.67,TRUE,FALSE,FALSE,FALSE,NaN
Britschgi Lukas,SUI,2022,FS,5,FCCoSp4,3.5,0.6,4.1,FALSE,FALSE,FALSE,FALSE,NaN
Britschgi Lukas,SUI,2022,FS,6,StSq4,3.9,0.67,4.57,FALSE,FALSE,FALSE,FALSE,NaN
Britschgi Lukas,SUI,2022,FS,7,3A,8.8,-2.63,6.17,TRUE,FALSE,FALSE,FALSE,NaN
Britschgi Lukas,SUI,2022,FS,8,2F+1Eu+3S,7.26,-0.06,7.2,TRUE,FALSE,FALSE,FALSE,NaN
Britschgi Lukas,SUI,2022,FS,9,3Lz,6.49,-2.02,4.47,TRUE,FALSE,FALSE,FALSE,NaN
Britschgi Lukas,SUI,2022,FS,10,ChSq1,3,0.93,3.93,FALSE,FALSE,FALSE,FALSE,NaN
Britschgi Lukas,SUI,2022,FS,11,CSSp4,3,0.43,3.43,FALSE,FALSE,FALSE,FALSE,NaN
Britschgi Lukas,SUI,2022,FS,12,CCoSp4,3.5,0.1,3.6,FALSE,FALSE,FALSE,FALSE,NaN
Shmuratko Ivan,UKR,2022,FS,1,3A,8,-4,4,TRUE,FALSE,FALSE,FALSE,NaN
Shmuratko Ivan,UKR,2022,FS,2,3A+SEQ+1T*,6.4,-2.63,3.77,TRUE,FALSE,FALSE,FALSE,NaN
Shmuratko Ivan,UKR,2022,FS,3,3Lz!+3T,10.1,-1.35,8.75,TRUE,FALSE,FALSE,FALSE,NaN
Shmuratko Ivan,UKR,2022,FS,4,3Lo,4.9,0.21,5.11,TRUE,FALSE,FALSE,FALSE,NaN
Shmuratko Ivan,UKR,2022,FS,5,CCoSp2,2.5,0.46,2.96,FALSE,FALSE,FALSE,FALSE,NaN
Shmuratko Ivan,UKR,2022,FS,6,ChSq1,3,0.29,3.29,FALSE,FALSE,FALSE,FALSE,NaN
Shmuratko Ivan,UKR,2022,FS,7,3F,5.83,0.23,6.06,TRUE,FALSE,FALSE,FALSE,NaN
Shmuratko Ivan,UKR,2022,FS,8,3Lze+1Eu+3S,10.47,-1.01,9.46,TRUE,FALSE,FALSE,FALSE,NaN
Shmuratko Ivan,UKR,2022,FS,9,2A,3.63,0.28,3.91,TRUE,FALSE,FALSE,FALSE,NaN
Shmuratko Ivan,UKR,2022,FS,10,FSSp4,3,0.34,3.34,FALSE,FALSE,FALSE,FALSE,NaN
Shmuratko Ivan,UKR,2022,FS,11,StSq2,2.6,0.41,3.01,FALSE,FALSE,FALSE,FALSE,NaN
Shmuratko Ivan,UKR,2022,FS,12,FCCoSp3,3,0.51,3.51,FALSE,FALSE,FALSE,FALSE,NaN
